{"pid":"18232","title":"Polymorphism","time_limit":"1","memory_limit":"262144","description":"<div>Feng Gor\u9664\u4e86\u662f\u4e2a\u623f\u5730\u4ea7\u5546\u5916\uff0c\u50cf\u5927\u591a\u6570\u5973\u751f\u4e00\u6837\uff0c\u5979\u4e5f\u662f\u559c\u6b22\u901b\u6dd8\u5b9d\u7684\u3002\u6211\u4eec\u90fd\u77e5\u9053\uff0c\u5728\u6dd8\u5b9d\u4e0a\u6709\u5f88\u591a\u5f88\u591a\u7684\u5546\u54c1\uff0c\u5f53\u7136\uff0cFeng Gor\u6311\u7684\u4e00\u822c\u90fd\u662f\u6700\u8d35\u7684\uff0c\u4f46\u662f\u5076\u5c14\u4e5f\u662f\u8981\u770b\u770b\u9500\u91cf\u53c2\u8003\u4e00\u4e0b\u7684\u554a\u3002\u56e0\u6b64\uff0c\u5979\u5e0c\u671b\u6dd8\u5b9d\u80fd\u591f\u6309\u7167\u5979\u60f3\u8981\u7684\u65b9\u5f0f\u6765\u6392\u5e8f\uff1a\u5f53\u5979\u60f3\u8981\u6309\u4ef7\u683c\u6392\u5e8f\uff0c\u5546\u54c1\u5c31\u6309\u4ef7\u683c\u6392\u5e8f\uff1b\u5f53\u5979\u60f3\u8981\u6309\u9500\u91cf\u6392\u5e8f\uff0c\u5546\u54c1\u5c31\u6309\u9500\u91cf\u6392\u5e8f(\u90fd\u662f\u6309\u7167\u4ece\u5927\u5230\u5c0f\u6392\u5e8f)\u3002\u6dd8\u5b9d\u8fd9\u79cd\u5927\u516c\u53f8\u80af\u5b9a\u5df2\u7ecf\u63d0\u4f9b\u8fd9\u4e2a\u529f\u80fd\u7684\u554a\u3002\u4e0d\u8fc7\uff0c\u4f5c\u4e3a\u4e00\u4e2a\u7a0b\u5e8f\u733f\uff0c\u5979\u5e0c\u671b\u5927\u5bb6\u4e5f\u6765\u7528C++\u6a21\u62df\u5b9e\u73b0\u4ee5\u4e0b\u3002<\/div>\r\n<div>&nbsp;<\/div>\r\n<div>\u4ee3\u8868\u5546\u54c1\u7684\u7ed3\u6784\u4f53\u5982\u4e0b\uff1a<\/div>\r\n<div>struct TaoBaoItem {<\/div>\r\n<div>&nbsp; int price;<\/div>\r\n<div>&nbsp; int volume_of_sales;<\/div>\r\n<div>};<\/div>\r\n<div>&nbsp;<\/div>\r\n<div>\u4e3a\u4e86\u80fd\u5b9e\u73b0\u4e0d\u540c\u7684\u6392\u5e8f\u65b9\u5f0f\uff0c\u5979\u7279\u610f\u62bd\u8c61\u51fa\u4e86\u4e00\u4e2a\u63a5\u53e3\u51fa\u6765\uff0c<\/div>\r\n<div>class SortInterface {<\/div>\r\n<div>&nbsp;public:<\/div>\r\n<div>&nbsp; virtual ~SortInterface() {};<\/div>\r\n<div>&nbsp;<\/div>\r\n<div>&nbsp; virtual void DoSort(TaoBaoItem item[], int size) = 0;<\/div>\r\n<div>};<\/div>\r\n<div>&nbsp;<\/div>\r\n<div>\u63a5\u4e0b\u6765\uff0c\u5979\u8981\u4f60\u4eec\u5b9e\u73b0\u7684\u7c7b\u5982\u4e0b\uff1a<\/div>\r\n<div>class SortByPrice : public SortInterface {<\/div>\r\n<div>&nbsp;public:<\/div>\r\n<div>&nbsp; virtual void DoSort(TaoBaoItem item[], int size);<\/div>\r\n<div>};<\/div>\r\n<div>&nbsp;<\/div>\r\n<div>class SortBySales : public SortInterface {<\/div>\r\n<div>&nbsp;public:<\/div>\r\n<div>&nbsp; virtual void DoSort(TaoBaoItem item[], int size);<\/div>\r\n<div>};<\/div>\r\n<div>&nbsp;<\/div>\r\n<div>class TaoBao {<\/div>\r\n<div>&nbsp;public:<\/div>\r\n<div>&nbsp; TaoBao(SortInterface* strategy);<\/div>\r\n<div>&nbsp;&nbsp;<\/div>\r\n<div>&nbsp; void SetSortStrategy(SortInterface* strategy);<\/div>\r\n<div>&nbsp;<\/div>\r\n<div>&nbsp; \/\/ Use current strategy_ to do the sort.<\/div>\r\n<div>&nbsp; void sort(TaoBaoItem item[], int size);<\/div>\r\n<div>&nbsp;<\/div>\r\n<div>&nbsp;private:<\/div>\r\n<div>&nbsp; SortInterface *strategy_;<\/div>\r\n<div>};<\/div>\r\n<div>&nbsp;<\/div>\r\n<div>\u6ce8\u610f\u770b\u6d4b\u8bd5\u6846\u67b6\u7684\u4ee3\u7801\uff01<\/div>","input":"","output":"","sample_input":"#include <iostream>\r\n#include <string>\r\nusing namespace std;\r\n\r\nstruct TaoBaoItem {\r\n  int price;\r\n  int volume_of_sales;\r\n};\r\n\r\nclass SortInterface {\r\n public:\r\n  virtual ~SortInterface() {};\r\n\r\n  virtual void DoSort(TaoBaoItem item[], int size) = 0;\r\n};\r\n\r\n#include \"source.cpp\"\r\n\r\nvoid printItem(TaoBaoItem arr[], int size) {\r\n  for (int i = 0; i < size; ++i) {\r\n    cout << arr[i].price << \" \" << arr[i].volume_of_sales << endl;\r\n  }\r\n}\r\n\r\nint main(int argc, char *argv[]) {\r\n  TaoBaoItem item[4] = {\r\n    {1, 2},\r\n    {2, 3},\r\n    {5, 1},\r\n    {3, 10}\r\n  };\r\n  SortByPrice price;\r\n  SortBySales sales;\r\n\r\n  TaoBao taobao(&price); \r\n  taobao.sort(item, 4);\r\n  printItem(item, 4);\r\n  \r\n  taobao.SetSortStrategy(&sales);\r\n  taobao.sort(item, 4);\r\n  printItem(item, 4);\r\n\r\n  return 0;\r\n}\r\n","sample_output":"5 1\r\n3 10\r\n2 3\r\n1 2\r\n3 10\r\n2 3\r\n1 2\r\n5 1","accepted":"0","submissions":"0","special_judge":"0","has_framework":"1","author":"","hint":"<p>\u8fd9\u5176\u5b9e\u662f\u8bbe\u8ba1\u6a21\u5f0f\u4e2d\u7684\u4e00\u79cd\uff01\uff08\u5176\u5b9e\u8fd9\u4e2a\u597d\u50cf\u53ea\u662f\u4e2a\u7b80\u5355\u7684\u6f14\u793a\u4ee3\u7801\uff09\u53eb\u505a\u7b56\u7565\u6a21\u5f0f\uff0c\u6709\u5174\u8da3\u7684\u540c\u5b66\u53ef\u4ee5\u5728\u81ea\u884cGoogle\u627e\u5230\u7ef4\u57fa\u767e\u79d1\u770b\uff0c\u4e0d\u8fc7\uff0c\u8fd9\u4e2a\u9898\u76ee\u6700\u4e3b\u8981\u7684\u76ee\u7684\u662f\u60f3\u8ba9\u5927\u5bb6\u4f53\u9a8c\u4e00\u4e0b\u591a\u6001\u5e26\u6765\u7684\u597d\u5904\u3002\u53e6\u5916\uff0c\u5173\u4e8e\u6392\u5e8f\u7684\u5b9e\u73b0\uff0c\u5927\u5bb6\u53ef\u4ee5\u5c1d\u8bd5\u4f7f\u7528stl\u5e93\u4e2d\u63d0\u4f9b\u7684sort\u51fd\u6570\uff0c\u81ea\u884cGoogle\u7528\u6cd5\u554a\uff01<\/p>\r\n<p>&nbsp;<\/p>","avail":"1","cid":"2311","rate_tot":"0","rate_count":"0","dataversion":"0","stdsid":"0"}