{"pid":"18425","title":"Template Specification","time_limit":"1","memory_limit":"262144","description":"<p>\u7ed9\u5b9a\u4e00\u4e2a\u51fd\u6570\u58f0\u660e\u5982\u4e0b bool cmp( T a, T b )\u3002<\/p>\r\n<p>\u8be5\u51fd\u6570\u6bd4\u8f83\u53d8\u91cf a \u548c b \u5927\u5c0f\uff0c\u5982\u679ca\u7b49\u4e8eb\uff0c\u8fd4\u56detrue\uff1b\u5426\u5219\u8fd4\u56defalse\u3002<\/p>\r\n<p>&nbsp;&nbsp;&nbsp;&nbsp;&nbsp;&nbsp;&nbsp; \uff081\uff09 \u5982\u679ca, b\u7684\u7c7b\u578b\u662f int, float, double, char*&nbsp;\u6216 string&nbsp;\u51fd\u6570cmp \u6bd4\u8f83\u7684\u662f a, b \u503c\u7684\u5927\u5c0f\uff1b<\/p>\r\n<p>&nbsp;&nbsp;&nbsp;&nbsp;&nbsp;&nbsp;&nbsp;&nbsp;&nbsp;&nbsp;&nbsp;&nbsp;&nbsp;&nbsp;&nbsp;&nbsp; \uff08\u6ce8\u610fchar*\u5b57\u7b26\u4e32\u7684\u6bd4\u8f83\u8bf7\u4f7f\u7528\u51fd\u6570strcmp\uff08\u5934\u6587\u4ef6string.h\uff09\uff09<\/p>\r\n<p>&nbsp;&nbsp;&nbsp;&nbsp;&nbsp; &nbsp; \uff082\uff09\u5982\u679ca, b\u7684\u7c7b\u578b\u662f\u6307\u9488\uff0c\u5219\u6bd4\u8f83\u7684\u662f\u5176\u6240\u6307\u5411\u7684\u5bf9\u8c61\u662f\u5426\u76f8\u7b49\u3002<\/p>","input":"<p>&nbsp;int aInt = 1, bInt = 2 ;<br \/>\r\n&nbsp;double aDouble = 3.0, bDouble = 3.0 ;<br \/>\r\n&nbsp;char aChars[5] = &quot;haha&quot;, bChars[5] ;<br \/>\r\n&nbsp;string aStr = &quot;haha&quot;, bStr = &quot;aha&quot; ;<br \/>\r\n&nbsp;int* aIntPtr = &amp;aInt, *bIntPtr = &amp;bInt ;<\/p>\r\n<p>&nbsp;cout &lt;&lt; boolalpha &lt;&lt; cmp( aInt, bInt ) &lt;&lt; endl ;<br \/>\r\n&nbsp;cout &lt;&lt; cmp( aDouble, bDouble ) &lt;&lt; endl ;<\/p>\r\n<p>&nbsp;strcpy( bChars, aChars ) ;<br \/>\r\n&nbsp;cout &lt;&lt; cmp( aChars, bChars ) &lt;&lt; endl ;<br \/>\r\n&nbsp;cout &lt;&lt; cmp( aStr, bStr ) &lt;&lt; endl ;<br \/>\r\n&nbsp;cout &lt;&lt; cmp( aIntPtr, bIntPtr ) &lt;&lt; endl ;<\/p>","output":"<p>false<br \/>\r\ntrue<br \/>\r\ntrue<br \/>\r\nfalse<br \/>\r\nfalse<\/p>","sample_input":"","sample_output":"","accepted":"58","submissions":"143","special_judge":"0","has_framework":"1","author":"","hint":"","avail":"1","cid":"2348","rate_tot":"0","rate_count":"0","dataversion":"0","stdsid":"0"}