{"pid":"17888","title":"Complex =,-,+=,-=","time_limit":"1","memory_limit":"262144","description":"<div>&nbsp;<\/div>\r\n<div style=\"text-indent: 21pt;\"><font size=\"3\">You are to overload the operators +,-,+=,-=&nbsp;for the following Complex&nbsp;class, which means the add\/subtract&nbsp;operations for complex numbers.<\/font><\/div>\r\n<div>&nbsp;<\/div>\r\n<div><span style=\"color: rgb(0, 0, 255);\"><font size=\"3\">class Complex<br \/>\r\n{<br \/>\r\npublic:<br \/>\r\n&nbsp;&nbsp;&nbsp; Complex(): real(0), imag(0) {}<br \/>\r\n&nbsp;&nbsp;&nbsp; Complex(int a, int b): real(a), imag(b) {}<br \/>\r\n&nbsp;&nbsp;&nbsp; int getReal() const { return real; }<br \/>\r\n&nbsp;&nbsp;&nbsp; int getImag() const { return imag; }<br \/>\r\nprivate:<br \/>\r\n&nbsp;&nbsp;&nbsp; int real;<br \/>\r\n&nbsp;&nbsp;&nbsp; int imag;<br \/>\r\n};<\/font><\/span><\/div>\r\n<div>&nbsp;<\/div>\r\n<div style=\"text-indent: 21pt;\"><font size=\"3\">Your submitted source code should include the implementation of class&nbsp;Complex and the required operators.<\/font><\/div>\r\n<div style=\"text-indent: 21pt;\"><font size=\"3\">No main() function should be included.<\/font><\/div>","input":"","output":"","sample_input":"","sample_output":"","accepted":"0","submissions":"0","special_judge":"0","has_framework":"1","author":"","hint":"","avail":"1","cid":"2256","rate_tot":"0","rate_count":"0","dataversion":"0","stdsid":"0"}