{"pid":"18101","title":"Multiple-inheritance","time_limit":"1","memory_limit":"262144","description":"<div>&nbsp;<\/div>\r\n<div style=\"text-indent: 21pt\"><font size=\"3\">Below&nbsp;are two classes A and C: <\/font><\/div>\r\n<div>&nbsp;<\/div>\r\n<div><span style=\"color: #0000ff\"><font size=\"3\">class A<br \/>\r\n{<br \/>\r\npublic:<br \/>\r\n&nbsp;&nbsp;&nbsp; A(int a0):a(a0) {}<br \/>\r\n&nbsp;&nbsp;&nbsp; void showA() { cout&lt;&lt;a&lt;&lt;endl; }<br \/>\r\nprotected:<br \/>\r\n&nbsp;&nbsp;&nbsp; int a;<br \/>\r\n}; <\/font><\/span><\/div>\r\n<div>&nbsp;<\/div>\r\n<div><span style=\"color: #0000ff\"><font size=\"3\">class C<br \/>\r\n{<br \/>\r\npublic:<br \/>\r\n&nbsp;&nbsp;&nbsp; C(int c0):c(c0) {}<br \/>\r\n&nbsp;&nbsp;&nbsp; void showC() { cout&lt;&lt;c&lt;&lt;endl; }<br \/>\r\nprotected:<br \/>\r\n&nbsp;&nbsp;&nbsp; int c;<br \/>\r\n};<br \/>\r\n<\/font><\/span><\/div>\r\n<div>&nbsp;<\/div>\r\n<div style=\"text-indent: 21pt\"><font size=\"3\">You are required to derive a class B f<font color=\"#000000\">rom both A and C. The B class has only one constructor, which has two parameters of&nbsp;the type int,&nbsp;with&nbsp;the first one for&nbsp;<span style=\"color: #0000ff\">a<\/span> and the second for <span style=\"color: #0000ff\">c<\/span>.&nbsp;The default values for the two parameters are 11 and 22 respectively.<\/font><\/font><\/div>\r\n<div>&nbsp;<\/div>\r\n<div style=\"text-indent: 21pt\"><font size=\"3\">Your submitted&nbsp;source code should&nbsp;include the whole&nbsp;implementation of the B<font color=\"#000000\"> <\/font>class, but without&nbsp;the&nbsp;A and&nbsp;C&nbsp;classes.<\/font><\/div>\r\n<div style=\"text-indent: 21pt\"><font size=\"3\">No main() function should be included.<\/font><\/div>\r\n<div>&nbsp;<\/div>","input":"","output":"","sample_input":"","sample_output":"","accepted":"77","submissions":"181","special_judge":"0","has_framework":"1","author":"","hint":"","avail":"1","cid":"2297","rate_tot":"0","rate_count":"0","dataversion":"0","stdsid":"0"}