{"pid":"17859","title":"9.9 Sorting characters in a string","time_limit":"1","memory_limit":"262144","description":"<p>Write a function that returns a sorted string using the following header:<\/p>\r\n<p>string sort(string &amp;s)<\/p>\r\n<p>For example, the following code output: abc<\/p>\r\n<p>string s1(&quot;bca&quot;), s2;<\/p>\r\n<p>s2 = sort(s1);<\/p>\r\n<p>cout &lt;&lt; s2 &lt;&lt; endl;<\/p>","input":"","output":"","sample_input":"","sample_output":"","accepted":"48","submissions":"119","special_judge":"0","has_framework":"1","author":"Liu Xiaoming","hint":"<p>\u53ea\u63d0\u4ea4string sort(string &amp;s)\u51fd\u6570\u5b9e\u73b0\uff0c\u4e0d\u8981\u63d0\u4ea4main()\u51fd\u6570\u3002<\/p>","avail":"1","cid":"2251","rate_tot":"0","rate_count":"0","dataversion":"0","stdsid":"0"}