{"pid":"18213","title":"About Polymorphic","time_limit":"1","memory_limit":"262144","description":"<p><span style=\"color: rgb(51, 51, 51); font-family: Arial; font-size: 16px; line-height: 20px;\">\u4e0b\u9762\u662f\u4e0d\u5b8c\u6574\u7684\u7ee7\u627f\u7c7b\u5b9a\u4e49\uff0c\u9700\u8981\u8865\u5145\u6216\u589e\u52a0\u5b8c\u6574\u7684\u6784\u9020\u51fd\u6570\u3001\u6790\u6784\u51fd\u6570\u3001void fun()<\/span><\/p>\r\n<div><span style=\"color: rgb(51, 51, 51); font-family: Arial; font-size: 16px; line-height: 20px;\">class A<\/span><\/div>\r\n<div><span style=\"color: rgb(51, 51, 51); font-family: Arial; font-size: 16px; line-height: 20px;\">{<\/span><\/div>\r\n<div><span style=\"color: rgb(51, 51, 51); font-family: Arial; font-size: 16px; line-height: 20px;\">&nbsp;&nbsp; void g()<\/span><\/div>\r\n<div><span style=\"color: rgb(51, 51, 51); font-family: Arial; font-size: 16px; line-height: 20px;\">&nbsp;&nbsp; {<\/span><\/div>\r\n<div><span style=\"color: rgb(51, 51, 51); font-family: Arial; font-size: 16px; line-height: 20px;\">&nbsp;&nbsp;&nbsp;&nbsp;&nbsp; fun();<\/span><\/div>\r\n<div><span style=\"color: rgb(51, 51, 51); font-family: Arial; font-size: 16px; line-height: 20px;\">&nbsp;&nbsp; }<\/span><\/div>\r\n<div><span style=\"color: rgb(51, 51, 51); font-family: Arial; font-size: 16px; line-height: 20px;\">};<\/span><\/div>\r\n<div><font face=\"Arial\" color=\"#333333\"><span style=\"line-height: 20px;\">\u6b64\u5916\u8be5\u7c7b\u9700\u8981\u5b9a\u4e49\u51fd\u6570 fun() \uff0c\u5b9e\u73b0\u8f93\u51fa\uff1aCall class A's fun<\/span><\/font><\/div>\r\n<div><font face=\"Arial\" color=\"#333333\"><span style=\"line-height: 20px;\"><br \/>\r\n<\/span><\/font><\/div>\r\n<div><font face=\"Arial\" color=\"#333333\"><span style=\"line-height: 20px;\">class B<\/span><\/font><\/div>\r\n<div><font face=\"Arial\" color=\"#333333\"><span style=\"line-height: 20px;\">{<\/span><\/font><\/div>\r\n<div><font face=\"Arial\" color=\"#333333\"><span style=\"line-height: 20px;\">};<\/span><\/font><\/div>\r\n<div><font face=\"Arial\" color=\"#333333\"><span style=\"line-height: 20px;\">\u7ee7\u627f\u6765\u81ea\u4e8e\u57fa\u7c7bA\uff0c\u540c\u65f6\u8865\u5145\u5b8c\u6574\u7c7bB<\/span><\/font><\/div>\r\n<div><font face=\"Arial\" color=\"#333333\"><span style=\"line-height: 20px;\"><br \/>\r\n<\/span><\/font><\/div>\r\n<div><font face=\"Arial\" color=\"#333333\"><span style=\"line-height: 20px;\">class C<\/span><\/font><\/div>\r\n<div><font face=\"Arial\" color=\"#333333\"><span style=\"line-height: 20px;\">{<\/span><\/font><\/div>\r\n<div><font face=\"Arial\" color=\"#333333\"><span style=\"line-height: 20px;\">};<\/span><\/font><\/div>\r\n<div><font face=\"Arial\" color=\"#333333\"><span style=\"line-height: 20px;\">\u7ee7\u627f\u6765\u81ea\u7c7bB\uff0c\u540c\u65f6\u8fd8\u6709\u51fd\u6570fun\uff0c\u4f7f\u5176\u8f93\u51fa\uff1aCall class C's fun<\/span><\/font><\/div>\r\n<div>&nbsp;<\/div>\r\n<div>\r\n<div>int main()<\/div>\r\n<div>{ &nbsp;<\/div>\r\n<div><span style=\"white-space:pre\" class=\"Apple-tab-span\">\t<\/span>A *a=new C;<\/div>\r\n<div><span style=\"white-space:pre\" class=\"Apple-tab-span\">\t<\/span>a-&gt;g();<\/div>\r\n<div><span style=\"white-space:pre\" class=\"Apple-tab-span\">\t<\/span>delete a;<\/div>\r\n<div><span style=\"white-space:pre\" class=\"Apple-tab-span\">\t<\/span>return 0;<\/div>\r\n<div>}<\/div>\r\n<\/div>\r\n<div><font face=\"Arial\" color=\"#333333\"><span style=\"line-height: 20px;\">\u8f93\u51fa\u7ed3\u679c\uff1a <\/span><\/font><\/div>\r\n<div>A constructor<\/div>\r\n<div>Call class A's fun<\/div>\r\n<div>B constructor<\/div>\r\n<div>C constructor<\/div>\r\n<div>Call class C's fun<\/div>\r\n<div>C destructor<\/div>\r\n<div>B destructor<\/div>\r\n<div>A destructor<\/div>\r\n<div>&nbsp;<\/div>\r\n<p>&nbsp;<\/p>","input":"<p>&nbsp;none<\/p>","output":"<p>&nbsp;none<\/p>","sample_input":"","sample_output":"","accepted":"61","submissions":"108","special_judge":"0","has_framework":"1","author":"Lab 8 Inheritance  and polymorphic","hint":"<p>&nbsp;\u53ea\u9700\u8981\u63d0\u4ea4\u7c7bA\u3001B\u3001C\u7684\u5b9a\u4e49\u4e0e\u5b9e\u73b0<\/p>","avail":"1","cid":"2310","rate_tot":"0","rate_count":"0","dataversion":"0","stdsid":"0"}