{"pid":"18233","title":"Estate","time_limit":"1","memory_limit":"262144","description":"<p>&nbsp;Feng Gor\u662f\u8457\u540d\u7684\u623f\u5730\u4ea7\u5546\uff0c\u5979\u6bcf\u5929\u7684\u4e3b\u8981\u5de5\u4f5c\u5c31\u662f&mdash;&mdash;\u6570\u94b1\u3002\u8fd9\u5e76\u4e0d\u662f\u4e00\u4ef6\u5bb9\u6613\u7684\u4e8b\uff0cFeng Gor\u4e3b\u8981\u6295\u8d44\u4e24\u7c7b\u5730\uff0c\u4e00\u7c7b\u662f\u5706\u7684\uff0c\u4e00\u7c7b\u662f\u65b9\u7684\u3002\u73b0\u5728\u4f60\u4f5c\u4e3a\u5979\u7684\u4f1a\u8ba1\uff0c\u9700\u8981\u5e2e\u5979\u6570\u94b1\u3002Circle\u7c7b\u548cSquare\u7c7b\u7ee7\u627f\u4e8eLand\u7c7b\uff0c\u5206\u522b\u4ee3\u8868\u5706\u7684\u5730\u548c\u65b9\u7684\u5730\uff0c\u6839\u636e\u5355\u4f4d\u9762\u79ef\u4ef7\u683c(price)\u548c\u5730\u7684\u9762\u79ef(\u6839\u636e\u8fb9\u957f\u6216\u534a\u5f84\u7b97\u51fa)\u3002Accountant\u7c7b\u7528\u4e8e\u8ba1\u7b97Feng Gor\u5f00\u53d1\u5404\u79cd\u623f\u5730\u4ea7\u5e26\u6765\u7684\u6536\u5165\u3002DevelopEstate\u51fd\u6570\u63a5\u6536\u4e00\u4e2aLand\u7684\u6307\u9488\uff0c\u8ba1\u7b97\u5f00\u53d1\u8fd9\u5757\u623f\u5730\u4ea7\u5e26\u6765\u7684\u6536\u5165\uff08\u8fd9\u91cc\u7528\u5230\u4e86\u52a8\u6001\u7ed1\u5b9a\u54e6\uff09\u3002CheckMoney\u51fd\u6570\u8fd4\u56de\u5f53\u524d\u7684\u6536\u5165\u3002<\/p>\r\n<p><img src='%IMGPATH%QQ20130410-2.png'\/><\/p>\r\n<p><img src='%IMGPATH%QQ20130410-3(1).png'\/><\/p>","input":"<p>&nbsp;<\/p>\r\n<p>&nbsp;<\/p>","output":"","sample_input":"\/\/\u8fd9\u91cc\u7ed9\u51fa\u4e00\u4e2a\u6d4b\u8bd5\u7684main\u51fd\u6570\r\n#include <iostream>\r\n#include <iomanip>\r\nusing namespace std;\r\n\r\nint main(int argc, const char *argv[]) {\r\n  Accountant py;\r\n  Circle *a = new Circle(100, 10000);\r\n  Square *b = new Square(100, 50000);\r\n  py.DevelopEstate(a);\r\n  cout << setprecision(10) << py.CheckMoney() << endl;\r\n  py.DevelopEstate(b);\r\n  cout << setprecision(10) << py.CheckMoney() << endl;\r\n\r\n  return 0;\r\n}","sample_output":"314159265.4\r\n814159265.4","accepted":"0","submissions":"0","special_judge":"0","has_framework":"1","author":"","hint":"<p>\u4e3a\u4e86\u9632\u6b62\u5927\u5bb6\u80cc\u4e0d\u719f\u5706\u5468\u7387\u5bfc\u81f4Wrong Answer\uff0c\u7279\u610f\u63d0\u9192\u4e00\u4e0b\uff0cpi\u53ef\u4ee5\u7528acos(-1)\u8868\u793a\u3002acos\u5728cmath\u5e93\u91cc\u3002<\/p>","avail":"1","cid":"2311","rate_tot":"0","rate_count":"0","dataversion":"0","stdsid":"0"}