{"pid":"18368","title":"Hex to decimal","time_limit":"1","memory_limit":"262144","description":"<p>Write a function that parses a hex number as a string into a decimal integer. <br \/>\r\nThe function header is as follows:<br \/>\r\n<br \/>\r\nint <strong>parseHex<\/strong>(const char * const hexString)<br \/>\r\n<br \/>\r\nFor example, hexString &quot;A5&quot; is 165 (10*16+5=165). So, parseHex(&quot;A5&quot;) returns 165.<br \/>\r\nYour implementation of parseHex function should throw a <strong>runtime_error<\/strong> exception if the binaryString is not a hex string.<br \/>\r\nThe test function f():<br \/>\r\nvoid f()<br \/>\r\n{<br \/>\r\n&nbsp; try<br \/>\r\n&nbsp; {<br \/>\r\n&nbsp;&nbsp;&nbsp; cout &lt;&lt; parseHex(&quot;10&quot;) &lt;&lt; endl;<br \/>\r\n&nbsp;&nbsp;&nbsp; cout &lt;&lt; parseHex(&quot;ABC&quot;) &lt;&lt; endl;<br \/>\r\n&nbsp;&nbsp;&nbsp; cout &lt;&lt; parseHex(&quot;9G3&quot;) &lt;&lt; endl;<br \/>\r\n&nbsp; }<br \/>\r\n&nbsp; catch (runtime_error ex)<br \/>\r\n&nbsp; {<br \/>\r\n&nbsp;&nbsp;&nbsp; cout &lt;&lt; ex.what() &lt;&lt; endl;<br \/>\r\n&nbsp; }<br \/>\r\n}<br \/>\r\nshould output:<br \/>\r\n16<br \/>\r\n2748<br \/>\r\nHex number format error<br \/>\r\n&nbsp;<\/p>","input":"","output":"","sample_input":"","sample_output":"","accepted":"73","submissions":"182","special_judge":"0","has_framework":"1","author":"","hint":"","avail":"1","cid":"2340","rate_tot":"0","rate_count":"0","dataversion":"0","stdsid":"0"}