{"pid":"18372","title":"\u7b80\u5355\u51cf\u6cd5","time_limit":"1","memory_limit":"262144","description":"<p>\u67d0\u5c0f\u670b\u53cb\u5df2\u7ecf\u56db\u5c81\u4e86\uff0c\u5979\u5f00\u59cb\u5b66\u4e60\u6570\u5b57\u51cf\u6cd5\uff0c\u4f46\u5979\u8fd8\u4e0d\u7406\u89e3\u8d1f\u6570\u7684\u6982\u5ff5\uff0c\u5982\u679c\u88ab\u51cf\u6570\u548c\u51cf\u6570\u4e2d\u51fa\u73b0\u8d1f\u6570\uff0c\u6216\u8005\u88ab\u51cf\u6570\u5c0f\u4e8e\u51cf\u6570\uff0c\u5979\u90fd\u4e0d\u4f1a\u7b97\u3002<br \/>\r\n\u51fd\u6570calc\u505a\u51cf\u6cd5\u8ba1\u7b97\u524d\u8fdb\u884c\u4e86\u68c0\u67e5\u3002<br \/>\r\nint calc(int a, int b) throw(logic_error)<br \/>\r\n{<br \/>\r\n&nbsp; if (a&lt;0) throw out_of_range(&quot;Out of range exeception&quot;);<br \/>\r\n&nbsp; else if (b&lt;0) throw out_of_range(&quot;Out of range exeception&quot;);<br \/>\r\n&nbsp; else if (a&lt;b) throw logic_error(&quot;Minuend smaller than subtrahend&quot;);<br \/>\r\n&nbsp; return a-b;<br \/>\r\n}<br \/>\r\n\u8bf7\u5199\u4e00\u4e2atest\u51fd\u6570<br \/>\r\nvoid test(int, int)<br \/>\r\n\u4f7f\u5f97\u4ee5\u4e0b\u51fd\u6570f<br \/>\r\nvoid f()<br \/>\r\n{<\/p>\r\n<p>&nbsp; test(3, 1);<br \/>\r\n&nbsp; test(-3,1);<br \/>\r\n&nbsp; test(1,-3);<br \/>\r\n&nbsp; test(1,3);<br \/>\r\n}<br \/>\r\n\u8f93\u51fa\u5982\u4e0b\uff1a<\/p>\r\n<p>2<br \/>\r\nOut of range exeception<br \/>\r\nOut of range exeception<br \/>\r\nMinuend smaller than subtrahend<\/p>\r\n<p>\u8bf7\u53ea\u63d0\u4ea4test\u51fd\u6570\uff0c\u4e0d\u8981\u63d0\u4ea4calc\u51fd\u6570\u3002<\/p>","input":"","output":"","sample_input":"","sample_output":"","accepted":"72","submissions":"126","special_judge":"0","has_framework":"1","author":"","hint":"","avail":"1","cid":"2340","rate_tot":"0","rate_count":"0","dataversion":"0","stdsid":"0"}