{"pid":"17857","title":"Cycling the words","time_limit":"1","memory_limit":"262144","description":"<p>Given a line contains N words, print the N lines. The first line is the same as the input. After printing each line, the first word of this line in put to the end of the next line.<\/p>","input":"<p>A line contains N words seperated by one blank. N is not given in the problem: you need to count the number of words in the input line to find it out. The line contains less than 100 characters.<\/p>","output":"<p>N lines.<br \/>\r\nThe first line equals the input.<br \/>\r\nFor the rest N-1 lines, the first word in a line in put to the end in the next line. There is one space between words.<\/p>","sample_input":"Please think about it carefully","sample_output":"Please think about it carefully\r\nthink about it carefully Please\r\nabout it carefully Please think\r\nit carefully Please think about\r\ncarefully Please think about it\r\n","accepted":"32","submissions":"58","special_judge":"0","has_framework":"0","author":"\u7a0b\u5e8f\u8bbe\u8ba1II Chapter 9 Objects and Class ","hint":"","avail":"1","cid":"2251","rate_tot":"0","rate_count":"0","dataversion":"0","stdsid":"0"}