{"pid":"18367","title":"\u8bbe\u7f6e\u8f93\u51fa\u7684flag","time_limit":"1","memory_limit":"262144","description":"<p>\u5c06\u8f93\u5165\u7684\u6570\u6309\u7167\u7cfb\u7edf\u9ed8\u8ba4\u683c\u5f0f\uff0c\u5b9a\u70b9\u683c\u5f0f\u663e\u793a\u6d6e\u70b9\u6570\u3002<\/p>\r\n<p>&nbsp;<\/p>","input":"<p>\u7b2c\u4e00\u884cN\u4ee3\u8868\u63a5\u4e0b\u6765\u4f1a\u6709N\u4e2acases\u3002<\/p>\r\n<p>\u63a5\u4e0b\u6765N\u884c\u4e2d\uff0c\u6bcf\u884c\u5305\u542b\u4e00\u4e2a\u6d6e\u70b9\u6570\u3002<\/p>","output":"<p>\u5bf9\u6bcf\u4e2a\u6d6e\u70b9\u6570\u6309\u7167 \u7cfb\u7edf\u9ed8\u8ba4\u683c\u5f0f\uff0c\u5b9a\u70b9\u683c\u5f0f\u5206\u884c\u663e\u793a\u3002<\/p>","sample_input":"4\r\n2123.324423\r\n2123.324423\r\n2123.324423\r\n123.0000\r\n","sample_output":"2123.32\r\n2123.324423\r\n2123.32\r\n2123.324423\r\n2123.32\r\n2123.324423\r\n123\r\n123.000000\r\n","accepted":"66","submissions":"103","special_judge":"0","has_framework":"0","author":"Lab 9 polymorphic and I\/O","hint":"<p>\u91cd\u8bbe\u683c\u5f0f<\/p>","avail":"1","cid":"2339","rate_tot":"0","rate_count":"0","dataversion":"0","stdsid":"0"}