{"pid":"18324","title":"Function printStack","time_limit":"1","memory_limit":"262144","description":"<p>Rewrite the Stack class to add the printStack function as an instance function to display all the elements in the stack, as follows:<br \/>\r\ntemplate&lt;typename T&gt;<br \/>\r\nclass Stack<br \/>\r\n{<br \/>\r\npublic:<br \/>\r\n&nbsp; Stack();<br \/>\r\n&nbsp; bool empty();<br \/>\r\n&nbsp; T peek();<br \/>\r\n&nbsp; void push(T value);<br \/>\r\n&nbsp; T pop();<br \/>\r\n&nbsp; int getSize();<br \/>\r\n&nbsp; void printStack();<br \/>\r\n};<br \/>\r\n<br \/>\r\nThe printStack() function output the elements in the stack from top to bottom, each element in one line. Just output the elements, don't erase the elements in the stack.<br \/>\r\n&nbsp; The following codes:<br \/>\r\nStack&lt;int&gt; s;<br \/>\r\nfor(int i=0;i&lt;3;++i) s.push(i);<br \/>\r\ns.printStack();<br \/>\r\ns.push(3);<br \/>\r\ns.printStack();<br \/>\r\n<br \/>\r\n&nbsp; Output:<br \/>\r\n2<br \/>\r\n1<br \/>\r\n0<br \/>\r\n3<br \/>\r\n2<br \/>\r\n1<br \/>\r\n0<br \/>\r\n&nbsp;<\/p>","input":"","output":"","sample_input":"","sample_output":"","accepted":"19","submissions":"92","special_judge":"0","has_framework":"1","author":"","hint":"","avail":"1","cid":"2331","rate_tot":"0","rate_count":"0","dataversion":"0","stdsid":"0"}