{"pid":"18057","title":"Circle and Rectangle","time_limit":"1","memory_limit":"262144","description":"<p class=\"MsoNormal\" style=\"layout-grid-mode: char; margin-left: 24.75pt; text-indent: -24.75pt; mso-list: l0 level2 lfo1; tab-stops: list 24.75pt\"><span style=\"font-family: \u5b8b\u4f53; mso-bidi-font-size: 10.0pt; mso-ascii-font-family: &quot;Times New Roman&quot;; mso-hansi-font-family: &quot;Times New Roman&quot;\">\u4ee5\u70b9\uff08<\/span><span lang=\"EN-US\">Point<\/span><span style=\"font-family: \u5b8b\u4f53; mso-bidi-font-size: 10.0pt; mso-ascii-font-family: &quot;Times New Roman&quot;; mso-hansi-font-family: &quot;Times New Roman&quot;\">\uff09\u7c7b\u4e3a\u57fa\u7c7b\uff0c\u91cd\u65b0\u6d3e\u751f\u7c7b Rectangle\u3001Circle\u3002\u5750\u6807\u539f\u70b9\u4e3a(0,0)\uff0c\u77e9\u5f62\u6c34\u5e73\u653e\u7f6e\uff0c\u7531\u5de6\u4e0b\u65b9\u7684\u9876\u70b9\u548c\u957f\u5bbd\u5b9a\u4e49\u3002<\/span><\/p>\r\n<p class=\"MsoNormal\" style=\"layout-grid-mode: char; margin-left: 24.75pt; text-indent: -24.75pt; mso-list: l0 level2 lfo1; tab-stops: list 24.75pt\"><span style=\"font-family: \u5b8b\u4f53; mso-bidi-font-size: 10.0pt; mso-ascii-font-family: &quot;Times New Roman&quot;; mso-hansi-font-family: &quot;Times New Roman&quot;\">\u5706\u7531\u5706\u5fc3\u548c\u534a\u5f84\u5b9a\u4e49\u3002\u6d3e\u751f\u7c7b\u64cd\u4f5c\u5224\u65ad\u4efb\u4e00\u5750\u6807\u70b9\u662f\u5728\u56fe\u5f62\u5185\uff0c\u8fd8\u662f\u5728\u56fe\u5f62\u7684\u8fb9\u7f18\u4e0a\uff0c\u8fd8\u662f\u5728\u56fe\u5f62\u5916\u3002<\/span><\/p>\r\n<p class=\"MsoNormal\" style=\"layout-grid-mode: char; margin-left: 24.75pt; text-indent: -24.75pt; mso-list: l0 level2 lfo1; tab-stops: list 24.75pt\"><span style=\"font-family: \u5b8b\u4f53; mso-bidi-font-size: 10.0pt; mso-ascii-font-family: &quot;Times New Roman&quot;; mso-hansi-font-family: &quot;Times New Roman&quot;\">\u7f3a\u7701\u521d\u59cb\u5316\u56fe\u5f62\u9000\u5316\u4e3a\u5750\u6807\u539f\u70b9\uff080\uff0c0\uff09<\/span><\/p>\r\n<p class=\"MsoNormal\" style=\"layout-grid-mode: char; margin-left: 24.75pt; text-indent: -24.75pt; mso-list: l0 level2 lfo1; tab-stops: list 24.75pt\"><span style=\"font-family: \u5b8b\u4f53; mso-bidi-font-size: 10.0pt; mso-ascii-font-family: &quot;Times New Roman&quot;; mso-hansi-font-family: &quot;Times New Roman&quot;\">\u8981\u6c42\u62f7\u8d1d\u6784\u9020\u51fd\u6570\u548c\u5b9a\u4e49\u9ed8\u8ba4\u6784\u9020\u51fd\u6570<\/span><\/p>\r\n<p class=\"MsoNormal\" style=\"layout-grid-mode: char; margin-left: 24.75pt; text-indent: -24.75pt; mso-list: l0 level2 lfo1; tab-stops: list 24.75pt\"><span style=\"font-family: \u5b8b\u4f53; mso-bidi-font-size: 10.0pt; mso-ascii-font-family: &quot;Times New Roman&quot;; mso-hansi-font-family: &quot;Times New Roman&quot;\">\u7f16\u7a0b\u6d4b\u8bd5\u7c7b\u8bbe\u8ba1\u662f\u5426\u6b63\u786e\u3002<\/span><\/p>\r\n<p class=\"MsoNormal\" style=\"layout-grid-mode: char; margin-left: 24.75pt; text-indent: -24.75pt; mso-list: l0 level2 lfo1; tab-stops: list 24.75pt\">class Point{<\/p>\r\n<div>private:<\/div>\r\n<div>double x,y;<\/div>\r\n<div>public:<\/div>\r\n<div>Point();<\/div>\r\n<div>Point(double xv,double yv);<\/div>\r\n<div>Point(Point&amp; pt);<\/div>\r\n<div>double getx();<\/div>\r\n<div>double gety();<\/div>\r\n<div>};<\/div>\r\n<div>&nbsp;<\/div>\r\n<div>\r\n<div>\u7c7bCircle \u548c\u7c7bRectangle \u90fd\u5305\u542b\u6210\u5458\u51fd\u6570\uff1aint position(Point &amp;pt)\u3002&nbsp;<\/div>\r\n<div>&nbsp;<\/div>\r\n<div>\u5047\u5982\u70b9A\u843d\u5728\u5706\u5185\u6216\u662f\u77e9\u5f62\u5185\uff0c\u5219\u8be5\u51fd\u6570\u8fd4\u56de-1\uff1b\u5982\u679c\u843d\u5728\u5706\u4e0a\u6216\u662f\u77e9\u5f62\u4e0a\uff0c\u5219\u8fd4\u56de0,\uff1b\u5982\u679c\u843d\u5728\u5916\u9762\uff0c\u5219\u8fd4\u56de1\u3002<\/div>\r\n<div>&nbsp;<\/div>\r\n<div>\u4e3b\u51fd\u6570\uff1a<\/div>\r\n<div>\r\n<div>int main()<\/div>\r\n<div>{<\/div>\r\n<div>Circle cc1(3,4,5);<\/div>\r\n<div>Rectangle rt1(0,0,6,8);<\/div>\r\n<div>Point p1(0,0);<\/div>\r\n<div>cout&lt;&lt;&quot;point p1:&quot;;<\/div>\r\n<div>switch(rt1.position(p1))<\/div>\r\n<div>{<\/div>\r\n<div>&nbsp;case 0:cout&lt;&lt;&quot;on-rectangle&quot;&lt;&lt;endl;break;<\/div>\r\n<div>&nbsp;case -1:cout&lt;&lt;&quot;inside-rectangle&quot;&lt;&lt;endl;break;<\/div>\r\n<div>&nbsp;case 1:cout&lt;&lt;&quot;outside-rectangle&quot;&lt;&lt;endl;break;<\/div>\r\n<div>}<\/div>\r\n<div>switch(cc1.position(p1))<\/div>\r\n<div>{<\/div>\r\n<div>&nbsp;case 0:cout&lt;&lt;&quot;on-circle&quot;&lt;&lt;endl;break;<\/div>\r\n<div>&nbsp;case -1:cout&lt;&lt;&quot;inside-circle&quot;&lt;&lt;endl;break;<\/div>\r\n<div>&nbsp;case 1:cout&lt;&lt;&quot;outside-circle&quot;&lt;&lt;endl;break;<\/div>\r\n<div>}<\/div>\r\n<div>return 0;<\/div>\r\n<div>}<\/div>\r\n<\/div>\r\n<\/div>\r\n<div>\r\n<div>&nbsp;<\/div>\r\n<\/div>","input":"<p>&nbsp;none<\/p>","output":"<p>&nbsp;none<\/p>","sample_input":"","sample_output":"","accepted":"78","submissions":"317","special_judge":"0","has_framework":"1","author":"","hint":"<div>&nbsp;&nbsp;const double PI=3.14;<\/div>\r\n<div>&nbsp;<\/div>\r\n<div>&nbsp;you only need to submit the class:Point \u3001Circle\u3001Rectangle&nbsp;<\/div>","avail":"1","cid":"2284","rate_tot":"0","rate_count":"0","dataversion":"0","stdsid":"0"}