{"pid":"18371","title":"Modify StackOfIntegers class","time_limit":"1","memory_limit":"262144","description":"<p><br \/>\r\nclass StackOfIntegers<br \/>\r\n{<br \/>\r\npublic:<br \/>\r\n&nbsp; StackOfIntegers();<br \/>\r\n&nbsp; bool empty();<br \/>\r\n&nbsp; int peek();<br \/>\r\n&nbsp; void push(int value);<br \/>\r\n&nbsp; int pop();<br \/>\r\n&nbsp; int getSize();<br \/>\r\n};<br \/>\r\nDefine a custom exception class named EmptyStackException and let the peek and pop function throw an ExmptyStackException if the stack is empty.<br \/>\r\nThe test function f():<br \/>\r\nvoid f()<br \/>\r\n{<br \/>\r\n&nbsp; StackOfIntegers s;<br \/>\r\n<br \/>\r\n&nbsp; try<br \/>\r\n&nbsp; {<br \/>\r\n&nbsp;&nbsp;&nbsp; s.peek();<br \/>\r\n&nbsp; }<br \/>\r\n&nbsp; catch(EmptyStackException ex)<br \/>\r\n&nbsp; {<br \/>\r\n&nbsp;&nbsp;&nbsp; cout &lt;&lt; ex.what() &lt;&lt; endl;<br \/>\r\n&nbsp; }<br \/>\r\n&nbsp; <br \/>\r\n&nbsp; try<br \/>\r\n&nbsp; {<br \/>\r\n&nbsp;&nbsp;&nbsp; s.pop();<br \/>\r\n&nbsp; }<br \/>\r\n&nbsp; catch(EmptyStackException ex)<br \/>\r\n&nbsp; {<br \/>\r\n&nbsp;&nbsp;&nbsp; cout &lt;&lt; ex.what() &lt;&lt; endl;<br \/>\r\n&nbsp; }<br \/>\r\n}<br \/>\r\nshould output:<br \/>\r\nEmpty Stack Exception<br \/>\r\nEmpty Stack Exception<\/p>","input":"","output":"","sample_input":"","sample_output":"","accepted":"62","submissions":"207","special_judge":"0","has_framework":"1","author":"","hint":"","avail":"1","cid":"2340","rate_tot":"0","rate_count":"0","dataversion":"0","stdsid":"0"}