{"pid":"18054","title":"The Person, Student, Employee, Faculty and Staff Class","time_limit":"1","memory_limit":"262144","description":"<p>Design a class named <strong>Person<\/strong> and its two derived classes named <strong>Student<\/strong> and <strong>Employee<\/strong>. Make <strong>Faculty<\/strong> and <strong>Staff<\/strong> derived classes of <strong>Employee<\/strong>.<br \/>\r\nPerson class has the following member:<br \/>\r\n&nbsp; string name;<br \/>\r\n&nbsp; string address;<br \/>\r\n&nbsp; string phoneNumber;<br \/>\r\n&nbsp; string email;<br \/>\r\nStudent class has the following member:<br \/>\r\n&nbsp; enum class_status{frssman,sophomore,junior,senior};&nbsp; <br \/>\r\n&nbsp; class_status status;<br \/>\r\nEmployee class has the following member:<br \/>\r\n&nbsp; string office;<br \/>\r\n&nbsp; int salary;<br \/>\r\n&nbsp; MyDate dateHired;<br \/>\r\nFaculty class has the following member:<br \/>\r\n&nbsp; string officeHours;<br \/>\r\n&nbsp; int rank;<br \/>\r\nStaff class has the following member:<br \/>\r\n&nbsp; string title;<br \/>\r\nMyDate class contains the following member: <br \/>\r\n&nbsp; int year;<br \/>\r\n&nbsp; int month;<br \/>\r\n&nbsp; int day;<br \/>\r\n<br \/>\r\nOverride the toString function in each class to display the class name.<br \/>\r\nFor example, in Employee class:<br \/>\r\nstring toString()<br \/>\r\n{<br \/>\r\n&nbsp; return &quot;Employee&quot;;<br \/>\r\n}<\/p>\r\n<p>Make sure that the following code: <br \/>\r\n&nbsp; void f(Person &amp;p)<br \/>\r\n&nbsp; {<br \/>\r\n&nbsp;&nbsp;&nbsp; cout &lt;&lt; p.toString() &lt;&lt; endl;<br \/>\r\n&nbsp; }<\/p>\r\n<p>&nbsp; Person person;<br \/>\r\n&nbsp; Student student;<br \/>\r\n&nbsp; Employee employee;<br \/>\r\n&nbsp; Faculty faculty;<br \/>\r\n&nbsp; Staff staff;<br \/>\r\n&nbsp; f(person);<br \/>\r\n&nbsp; f(student);<br \/>\r\n&nbsp; f(employee);<br \/>\r\n&nbsp; f(faculty);<br \/>\r\n&nbsp; f(staff);<br \/>\r\n<br \/>\r\noutput:<br \/>\r\n&nbsp; Person<br \/>\r\n&nbsp; Student<br \/>\r\n&nbsp; Employee<br \/>\r\n&nbsp; Faculty<br \/>\r\n&nbsp; Staff<br \/>\r\n&nbsp;&nbsp;<\/p>","input":"","output":"","sample_input":"","sample_output":"","accepted":"70","submissions":"185","special_judge":"0","has_framework":"1","author":"","hint":"","avail":"1","cid":"2284","rate_tot":"0","rate_count":"0","dataversion":"0","stdsid":"0"}