{"pid":"18363","title":"Format the book list","time_limit":"1","memory_limit":"262144","description":"<p>Write&nbsp; a program to read a list containing item name, item code, and cost interactively and produce a three column output satisfied:<br \/>\r\n&nbsp;<\/p>\r\n<ol>\r\n    <li>name and code are left-justified<\/li>\r\n    <li>cost is right-justified with a precision of two digits, Trailing zeros are shown<\/li>\r\n    <li>the size&nbsp; for each item ocupatation are 15, 15, 10<\/li>\r\n<\/ol>\r\n<p>&nbsp;<\/p>","input":"<p>First Line is an interger N to specify the number of books, following with N lines , for each line contains the name ,code and cost.<\/p>\r\n<p>&nbsp;<\/p>","output":"<p>for each item output them satisfied the description above<\/p>","sample_input":"3\r\nbook1 2312123 342.13\r\nbook2 342 123\r\nbook3 342 1.2321\r\n","sample_output":"book1          2312123            342.13\r\nbook2          342                123.00\r\nbook3          342                  1.23\r\n","accepted":"78","submissions":"265","special_judge":"0","has_framework":"0","author":"Lab 9 polymorphic and I\/O","hint":"<p>the code is of string type<\/p>\r\n<p>&nbsp;<\/p>","avail":"1","cid":"2339","rate_tot":"1","rate_count":"1","dataversion":"0","stdsid":"0"}