{"pid":"18423","title":"Point & Vector","time_limit":"1","memory_limit":"262144","description":"<p>&nbsp;<\/p>\r\n<p>\u5e73\u9762\u4e0a\u6709\u597d\u591a\u70b9\uff0c\u7537\u795e\u53ebpy\u53bb\u632a\u4ed6\u4eec\u3002\u7528\u4ec0\u4e48\u632a\u5462\uff1f\u7537\u795e\u7ed9\u4e86py\u4e00\u6839\u5411\u91cf\u3002<\/p>\r\n<p>\u8fd9\u672c\u6765\u4e5f\u4e0d\u662f\u4ec0\u4e48\u9ebb\u70e6\u4e8b\uff0c\u53ef\u662f\u7537\u795e\u6bd4\u8f83DT\uff0c\u4ed6\u5f88\u6709\u827a\u672f\u7ec6\u80de\uff0c\u4ed6\u559c\u6b22\u7f8e\u7684\u8868\u8fbe\u3002\u7537\u795e\u63d0\u51fa\u4e86\u8fd9\u4e48\u51e0\u4e2a\u8981\u6c42\uff1a<\/p>\r\n<p>\uff08\u5047\u5b9a\u6709Vector a, b; Point c;\uff09<\/p>\r\n<p>1.\u53ef\u4ee5\u76f4\u63a5\u5728\u8f93\u51fa\u6d41\u91cc\u80fd\u8f93\u51fa\u70b9\u548c\u5411\u91cf\uff0c\u5f62\u5982cout &lt;&lt; a;\u8f93\u51fa\u683c\u5f0f\u4e3ax\u5750\u6807\u4e0ey\u5750\u6807\u4e4b\u95f4\u4ee5\u4e00\u4e2a\u7a7a\u683c\u9694\u5f00\uff0c\u5728\u8f93\u51fa\u8fd0\u7b97\u7b26\u91cd\u8f7d\u7684\u5b9e\u73b0\u91cc\u4e0d\u8981\u6362\u884c\u3002<\/p>\r\n<p>2.\u91cd\u8f7dVector\u4e0eVector\u7684\u52a0\u6cd5\uff0c\u5f62\u5982a = a + b;<\/p>\r\n<p>3.\u91cd\u8f7dPoint\u4e0eVector\u7684\u52a0\u6cd5\uff0c\u5373\u5c06\u70b9\u6cbf\u7740\u8be5\u5411\u91cf\u4f4d\u79fb\u3002\u5f62\u5982c = c + a;<\/p>\r\n<p>\u7537\u795e\u8bf4\uff0c\u4f60\u4e0d\u89c9\u5f97\u8fd9\u6837\u5f88\u4f18\u96c5\u5417\uff1f<\/p>\r\n<p>\u867d\u7136py\u4e0d\u89c9\u5f97\uff0c\u4f46\u4ed6\u6ca1\u4ec0\u4e48\u6240\u8c13\uff0c\u56e0\u4e3a\u5199\u7a0b\u5e8f\u7684\u4eba\u662f\u4f60\u3002<\/p>\r\n<p>\u597d\u5fc3\u7684py\u7ed9\u4e86\u4f60\u7c7b\u7684\u5b9a\u4e49\u3002\u8001\u89c4\u77e9\uff0c\u63d0\u4ea4\u7c7b\u7684\u5b9a\u4e49\u548c\u5b9e\u73b0\uff0c\u4e0d\u63d0\u4ea4main\u51fd\u6570\u3002<\/p>\r\n<p><img src='%IMGPATH%QQ20130327-3.png'\/><\/p>\r\n<p><img src='%IMGPATH%QQ20130327-2.png'\/><\/p>","input":"","output":"","sample_input":"","sample_output":"","accepted":"56","submissions":"139","special_judge":"0","has_framework":"1","author":"","hint":"<p>\u5173\u4e8eforward-declaration\u5728stackoverflow\uff08\u8457\u540d\u7f16\u7a0b\u95ee\u7b54\u7f51\u7ad9\uff0c\u522b\u518d\u767e\u5ea6\u77e5\u9053\u4e86\uff09\u6709\u4e00\u4e2a<a href=\"http:\/\/stackoverflow.com\/questions\/4757565\/c-forward-declaration\">\u5f88\u4e0d\u9519\u7684\u95ee\u9898<\/a><\/p>","avail":"1","cid":"2348","rate_tot":"2","rate_count":"1","dataversion":"0","stdsid":"0"}