{"pid":"18053","title":"Constructor and inheritance","time_limit":"1","memory_limit":"262144","description":"<div>&nbsp;<\/div>\r\n<div style=\"text-indent: 21pt\"><font size=\"3\">Class A is defined as follows: <\/font><\/div>\r\n<div>&nbsp;<\/div>\r\n<div><span style=\"color: #0000ff\"><font size=\"3\">class A<br \/>\r\n{<br \/>\r\npublic:<br \/>\r\n&nbsp;&nbsp;&nbsp; A(int a0):a(a0) {}<br \/>\r\n&nbsp;&nbsp;&nbsp; void show() { cout&lt;&lt;&quot;a=&quot;&lt;&lt;a&lt;&lt;endl; }<br \/>\r\nprivate:<br \/>\r\n&nbsp;&nbsp;&nbsp; int a;<br \/>\r\n};<br \/>\r\n<\/font><\/span><\/div>\r\n<div>&nbsp;<\/div>\r\n<div style=\"text-indent: 21pt\"><font size=\"3\">Class B inherits from A.&nbsp;Its<font color=\"#000000\"> constructor has two parameters,&nbsp;with&nbsp;the first one for&nbsp;the member <span style=\"color: #0000ff\">a<\/span> and the second for the member <span style=\"color: #0000ff\">b<\/span>. Class B also redefines the <span style=\"color: #0000ff\">show<\/span> function. Now you need to complete the definition of class B to&nbsp;produce the desired output.<\/font><\/font><\/div>\r\n<div>&nbsp;<\/div>\r\n<div><span style=\"color: #0000ff\"><font size=\"3\">class B<br \/>\r\n{<br \/>\r\npublic:<br \/>\r\n&nbsp;&nbsp;&nbsp; B(int, int);<br \/>\r\n&nbsp;&nbsp;&nbsp; void show();<br \/>\r\nprivate:<br \/>\r\n&nbsp;&nbsp;&nbsp; int b;<br \/>\r\n};<\/font><\/span><\/div>\r\n<div>&nbsp;<\/div>\r\n<div style=\"text-indent: 21pt\"><font size=\"3\">Your submitted&nbsp;source code should&nbsp;include the whole&nbsp;implementation of&nbsp;the class B, but without&nbsp;the class A.<\/font><\/div>\r\n<div style=\"text-indent: 21pt\"><font size=\"3\">No main() function should be included.<\/font><\/div>\r\n<div>&nbsp;<\/div>\r\n<div><strong><font size=\"3\">Note<\/font><\/strong><font size=\"3\">: the main() function of the test framework&nbsp;looks like this: <\/font><\/div>\r\n<div><font size=\"3\">------------------------------------------------------------------------------<\/font><\/div>\r\n<div><font size=\"3\">int main()<br \/>\r\n{<br \/>\r\n&nbsp;&nbsp;&nbsp; B b(1, 2);<br \/>\r\n&nbsp;&nbsp;&nbsp; b.show();<br \/>\r\n&nbsp;&nbsp;&nbsp; return 0;<br \/>\r\n}<\/font><\/div>\r\n<div><font size=\"3\">------------------------------------------------------------------------------<\/font><\/div>","input":"","output":"","sample_input":"","sample_output":"a=1\r\nb=2","accepted":"76","submissions":"127","special_judge":"0","has_framework":"1","author":"","hint":"","avail":"1","cid":"2284","rate_tot":"0","rate_count":"0","dataversion":"0","stdsid":"0"}