{"pid":"18366","title":"\u4e0d\u4f7f\u7528\u5faa\u73af","time_limit":"1","memory_limit":"262144","description":"<p>\u7f16\u5199\u7a0b\u5e8f\uff0c\u4e0d\u4f7f\u7528\u4efb\u4f55\u5faa\u73af\uff0c\u5b8c\u6210\u8f93\u5165\u6570\u5b57n, \u4f7f\u7528\u661f\u53f7\u7684\u76f4\u65b9\u56fe\u8868\u793a\u51fa\u8fd9\u4e9b\u503c\u3002<\/p>\r\n<p>\u7b2c\u4e00\u884c\u662f\u5f85\u8f6c\u6362\u7684\u6570\u5b57\u7684\u4e2a\u6570M\u3002<\/p>\r\n<p>\u4f8b\u5982\u8f93\u5165\uff1a<\/p>\r\n<p>5<\/p>\r\n<p>5 7 2 10 4<\/p>\r\n<p>\u5219\u8f93\u51fa\uff1a<\/p>\r\n<p>5:*****<br \/>\r\n7:*******<br \/>\r\n2:**<br \/>\r\n10:**********<br \/>\r\n4:****<br \/>\r\n&nbsp;<\/p>\r\n<p>\u8981\u6c42\uff1a \u5728\u8fdb\u884c\u76f4\u65b9\u56fe\u8f6c\u6362\u7684\u65f6\u5019\u4e0d\u5141\u8bb8\u7528\u5faa\u73af\u8bed\u53e5\uff01\uff01<\/p>","input":"<p>\u7b2c\u4e00\u884c\u662f\u6574\u6570M\uff0c\u4ee3\u8868\u8981\u8f93\u5165\u7684\u4e2a\u6570\u3002<\/p>\r\n<p>\u63a5\u4e0b\u6765\u7684M\u4e2a\u6574\u6570\u3002<\/p>","output":"<p>\u5c06\u6bcf\u4e2a\u6574\u6570\u8f93\u51fa\u6210*\u76f4\u65b9\u56fe\u7684\u5f62\u5f0f\u3002<\/p>","sample_input":"5\r\n\r\n5 7 2 10 4\r\n","sample_output":"5:*****\r\n7:*******\r\n2:**\r\n10:**********\r\n4:****","accepted":"71","submissions":"110","special_judge":"0","has_framework":"0","author":"Lab 9 polymorphic and I\/O","hint":"","avail":"1","cid":"2339","rate_tot":"0","rate_count":"0","dataversion":"0","stdsid":"0"}