{"pid":"18100","title":"Extending MyPoint class","time_limit":"1","memory_limit":"262144","description":"<p>The <strong>MyPoint<\/strong> class below is created to model a point in a two-dimensional space.<br \/>\r\nCreate a class named <strong>ThreeDPoint<\/strong> to model a point in a three-dimensional space. Let <strong>ThreeDPoint<\/strong> be derived from <strong>MyPoint<\/strong>.<br \/>\r\nx, y, z represent x-, y- and z-coordinates.<br \/>\r\nclass MyPoint<br \/>\r\n{<br \/>\r\n&nbsp; private:<br \/>\r\n&nbsp;&nbsp;&nbsp; double x, y;<br \/>\r\n&nbsp; public:<br \/>\r\n&nbsp;&nbsp;&nbsp; \/\/ The no-arg constructor that contruccts a point with coordinates(0,0)<br \/>\r\n&nbsp;&nbsp;&nbsp; MyPoint();<br \/>\r\n<br \/>\r\n&nbsp;&nbsp;&nbsp; MyPoint(double x, double y);<br \/>\r\n&nbsp;&nbsp;&nbsp; double getX() const;<br \/>\r\n&nbsp;&nbsp;&nbsp; double getY() const;<br \/>\r\n<br \/>\r\n&nbsp;&nbsp; &nbsp;\/\/display the distance between two points in two-dimensional space.<br \/>\r\n&nbsp;&nbsp;&nbsp; double distance(const MyPoint &amp;point); <br \/>\r\n};<br \/>\r\n<br \/>\r\nclass ThreeDPoint : public MyPoint<br \/>\r\n{<br \/>\r\nprivate:<br \/>\r\n&nbsp; double z;<br \/>\r\npublic:<br \/>\r\n&nbsp; \/\/ The no-arg constructor that contruccts a point with coordinates(0,0,0) &nbsp;<br \/>\r\n&nbsp; ThreeDPoint();<br \/>\r\n<br \/>\r\n&nbsp; ThreeDPoint(double x, double y, double z);<br \/>\r\n&nbsp; double getZ() const;<br \/>\r\n<br \/>\r\n&nbsp; \/\/display the distance between two points in Three-dimensional space.<br \/>\r\n&nbsp; double distance(const ThreeDPoint &amp;point); &nbsp;<br \/>\r\n};<\/p>\r\n<p>&nbsp;<\/p>","input":"","output":"","sample_input":"","sample_output":"","accepted":"80","submissions":"150","special_judge":"0","has_framework":"1","author":"","hint":"","avail":"1","cid":"2297","rate_tot":"0","rate_count":"0","dataversion":"0","stdsid":"0"}