{"pid":"18186","title":"Virtual class","time_limit":"1","memory_limit":"262144","description":"<p>\u8bbe\u8ba1\u4e00\u4e2a\u57fa\u7c7bbase\uff0c\u5305\u542b\u59d3\u540d\u548c\u5e74\u9f84\u79c1\u6709\u6570\u636e\u6210\u5458\u4ee5\u53ca\u76f8\u5173\u7684\u6210\u5458\u51fd\u6570\uff0c\u7531\u5b83\u6d3e\u751f\u51fa\u9886\u5bfc\u7c7bleader\uff0c\u5305\u542b\u804c\u52a1\u548c\u90e8\u95e8\u79c1\u6709\u6570\u636e<\/p>\r\n<p>\u6210\u5458\u4ee5\u53ca\u76f8\u5173\u7684\u6210\u5458\u51fd\u6570\uff0c\u518d\u7531base\u6d3e\u751f\u51fa\u5de5\u7a0b\u5e08\u7c7bengineer\uff0c\u5305\u542b\u804c\u79f0\u548c\u4e13\u4e1a\u79c1\u6709\u6210\u5458\u4ee5\u53ca\u76f8\u5173\u7684\u6210\u5458\u51fd\u6570\u3002\u7136\u540e\u7531leader<\/p>\r\n<p>\u548cengineer\u7c7b\u6d3e\u751f\u51fa\u4e3b\u4efb\u5de5\u7a0b\u7c7bchairman\uff0c\u91c7\u7528\u4e00\u4e9b\u6570\u636e\u6d4b\u8bd5\u3002<\/p>\r\n<p>\u57fa\u7c7b\uff1a<\/p>\r\n<div>class base<\/div>\r\n<div>{<\/div>\r\n<div>char *name;<\/div>\r\n<div>int age;<\/div>\r\n<div>public:<\/div>\r\n<div>base(){}<\/div>\r\n<div>void setname(char arr[]);<\/div>\r\n<div>void setage(int age);<\/div>\r\n<div>char* getname();<\/div>\r\n<div>int getage();<\/div>\r\n<div>};<\/div>\r\n<div>&nbsp;<\/div>\r\n<div>\u63d0\u4ea4\u65f6\uff0c\u9700\u8981\u63d0\u4ea4\u7c7bbase\u3001leader\u3001engineer\u3001chairman\u7684\u5b9a\u4e49\u4e0e\u5b9e\u73b0\uff1b<\/div>\r\n<div>&nbsp;<\/div>\r\n<div>\u4e3b\u51fd\u6570\u5982\u4e0b\uff1a<\/div>\r\n<div>&nbsp;<\/div>\r\n<div>\r\n<div>\r\n<div>int main()<\/div>\r\n<div>{<\/div>\r\n<div>\/\/freopen(&quot;in.txt&quot;, &quot;r&quot;, stdin);<\/div>\r\n<div>\/\/freopen(&quot;out.txt&quot;, &quot;w&quot;, stdout);<\/div>\r\n<div>int n;<\/div>\r\n<div>cin&gt;&gt;n;<\/div>\r\n<div>for (int i=0;i&lt;n;i++)<\/div>\r\n<div>{<\/div>\r\n<div>char name[20],job[20],dep[20],major[20],prof[20];<\/div>\r\n<div>&nbsp; &nbsp; &nbsp; &nbsp; &nbsp; &nbsp;&nbsp;int age;<\/div>\r\n<div>cin&gt;&gt;name&gt;&gt;age&gt;&gt;job&gt;&gt;dep&gt;&gt;major&gt;&gt;prof;<\/div>\r\n<div>chairman man;<\/div>\r\n<div>man.setname(name);<\/div>\r\n<div>man.setage(age);<\/div>\r\n<div>man.setjob(job);<\/div>\r\n<div>man.setdep(dep);<\/div>\r\n<div>man.setmajor(major);<\/div>\r\n<div>man.setprof(prof);<\/div>\r\n<div>&nbsp;<\/div>\r\n<div>cout&lt;&lt;&quot;name: &quot;&lt;&lt;man.getname()&lt;&lt;&quot; age: &quot;&lt;&lt;man.getage()&lt;&lt;&quot; dep: &quot;&lt;&lt;man.getdep()<\/div>\r\n<div>&lt;&lt;&quot; job: &quot;&lt;&lt;man.getjob()&lt;&lt;endl;<\/div>\r\n<div>cout&lt;&lt;&quot;prof: &quot;&lt;&lt;man.getprof()&lt;&lt;&quot; major: &quot;&lt;&lt;man.getmajor()&lt;&lt;endl;<\/div>\r\n<div>}<\/div>\r\n<div>return 0;<\/div>\r\n<div>}<\/div>\r\n<\/div>\r\n<\/div>\r\n<p>&nbsp;<\/p>","input":"","output":"","sample_input":"","sample_output":"","accepted":"63","submissions":"153","special_judge":"0","has_framework":"1","author":"","hint":"<p>\u6ce8\u610f\uff1a\u7531\u4e8echairmen\u7c7b\u662f\u4eceleader\u7c7b\u548cengineer\u7c7b\u6d3e\u751f\u800c\u6765\uff0c\u800cleader\u7c7b\u548cengineer\u7c7b\u90fd\u662f\u4ecebase\u7c7b\u6d3e\u751f\u7684\uff0c\u6b64\u65f6\u5e94\u8be5\u8981\u6ce8\u610f\u4ec0\u4e48<\/p>\r\n<p>\u95ee\u9898\uff1f<\/p>","avail":"1","cid":"2310","rate_tot":"0","rate_count":"0","dataversion":"0","stdsid":"0"}