{"pid":"18325","title":"The stack class","time_limit":"1","memory_limit":"262144","description":"<div>&nbsp;<\/div>\r\n<div style=\"text-indent: 21pt\"><font size=\"3\">You are to implement the following Stack class template, using the nontype parameter <span style=\"color: #0000ff\">capacity<\/span> to allocate the capacity of the stack, i.e. maximum&nbsp;elements that can be stored in the stack.<\/font><\/div>\r\n<div>&nbsp;<\/div>\r\n<div><span style=\"color: #0000ff\"><font size=\"3\">template&lt;typename T, int capacity&gt;<br \/>\r\nclass Stack<br \/>\r\n{<br \/>\r\npublic:<br \/>\r\n&nbsp;&nbsp;&nbsp; Stack();&nbsp;&nbsp;&nbsp;&nbsp;&nbsp;&nbsp;&nbsp;&nbsp;&nbsp;&nbsp;&nbsp;&nbsp;&nbsp;&nbsp;&nbsp;&nbsp; \/\/ Constructs an empty stack.<br \/>\r\n&nbsp;&nbsp;&nbsp; bool empty();&nbsp;&nbsp;&nbsp;&nbsp;&nbsp;&nbsp;&nbsp; &nbsp;\/\/ Returns true if the stack is empty.<br \/>\r\n&nbsp;&nbsp;&nbsp; T peek();&nbsp;&nbsp;&nbsp;&nbsp;&nbsp;&nbsp;&nbsp;&nbsp;&nbsp;&nbsp;&nbsp;&nbsp;&nbsp;&nbsp; \/\/ Returns the element at the top of the stack without removing it from the stack.<br \/>\r\n&nbsp;&nbsp;&nbsp; void push(T value); \/\/ Stores an element into the top of the stack.<br \/>\r\n&nbsp;&nbsp;&nbsp; T pop();&nbsp;&nbsp;&nbsp;&nbsp;&nbsp;&nbsp;&nbsp;&nbsp;&nbsp;&nbsp;&nbsp;&nbsp;&nbsp;&nbsp;&nbsp;&nbsp; \/\/ Removes the element at the top of the stack and returns it.<br \/>\r\n&nbsp;&nbsp;&nbsp; int size();&nbsp;&nbsp;&nbsp;&nbsp;&nbsp;&nbsp;&nbsp;&nbsp;&nbsp;&nbsp;&nbsp;&nbsp;&nbsp;&nbsp; \/\/ Returns the number of elements in the stack.<br \/>\r\nprivate:<br \/>\r\n&nbsp;&nbsp;&nbsp; T* elements;&nbsp;&nbsp;&nbsp;&nbsp;&nbsp;&nbsp;&nbsp;&nbsp;&nbsp; \/\/ Points to an array that stores elements in the stack.<br \/>\r\n&nbsp;&nbsp;&nbsp; int num;&nbsp;&nbsp;&nbsp;&nbsp;&nbsp;&nbsp;&nbsp;&nbsp;&nbsp;&nbsp;&nbsp;&nbsp;&nbsp;&nbsp;&nbsp;&nbsp; \/\/ The number of the elements in the stack.<br \/>\r\n};<\/font><\/span><\/div>\r\n<div>&nbsp;<\/div>\r\n<div style=\"text-indent: 21pt\"><font size=\"3\">Your submitted source code should&nbsp;only include the implementation of Stack class template,&nbsp;without the declaration above.<\/font><\/div>\r\n<div style=\"text-indent: 21pt\"><font size=\"3\">No main() function should be included.<\/font><\/div>\r\n<p>&nbsp;<\/p>","input":"","output":"","sample_input":"","sample_output":"","accepted":"9","submissions":"37","special_judge":"0","has_framework":"1","author":"","hint":"","avail":"1","cid":"2331","rate_tot":"0","rate_count":"0","dataversion":"0","stdsid":"0"}