{"pid":"18424","title":"C++:Instance of","time_limit":"1","memory_limit":"262144","description":"<p>\u5728Java\u8bed\u8a00\u91cc\u8fb9\uff0c\u6240\u6709\u7684\u5bf9\u8c61\u90fd\u4f1a\u7ee7\u627fObject\u7c7b\uff0c\u4f46C++\u5374\u662f\u6ca1\u6709\u7684<\/p>\r\n<p>\u4f8b\u5982\u4ee5\u4e0b\u7684\u4e00\u4e9b\u7c7b\uff1a<\/p>\r\n<p>&nbsp;<\/p>\r\n<div>class Object;<\/div>\r\n<div>&nbsp;<\/div>\r\n<div>class Animal:public Object;<\/div>\r\n<div>class Dog:public Animal;<\/div>\r\n<div>class Cat:public Animal;<\/div>\r\n<div>&nbsp;<\/div>\r\n<div>class Vehicle:public Object;<\/div>\r\n<div>class Bus:public Vehicle;<\/div>\r\n<div>class Car:public Vehicle;<\/div>\r\n<div>&nbsp;<\/div>\r\n<div>class Person:public Object;<\/div>\r\n<div>class Student:public Animal;<\/div>\r\n<div>class Teacher:public Animal;<\/div>\r\n<div>&nbsp;<\/div>\r\n<div>===============================================================<\/div>\r\n<div>\u6211\u4eec\u77e5\u9053\u5bf9\u8c61\u662f\u53ef\u4ee5\u5411\u4e0a\u5411\u4e0b\u8f6c\u578b\u7684\uff0c\u5c31\u4f8b\u5982<\/div>\r\n<div>Animal* animal = new Dog();<\/div>\r\n<div>\u56e0\u4e3a\u7ee7\u627f\u672c\u8eab\u5c31\u662f\u4e00\u79cdis-a\u7684\u5173\u7cfb\uff0c\u72d7\u5c31\u662f\u52a8\u7269\uff0c\u56e0\u6b64\u8fd9\u6837\u8d4b\u503c\u662f\u6ca1\u95ee\u9898\u7684\u3002<\/div>\r\n<div>\u4f46\u662f\u95ee\u9898\u6765\u4e86\u3002\u5018\u82e5\u522b\u4eba\u4f20\u9012\u4e0a\u8ff0\u4ee3\u7801\u7684animal\u5bf9\u8c61\u7ed9\u4f60\uff0c\u4f60\u8fd9\u4e2a\u65f6\u5019\u5374\u4e0d\u77e5\u9053\u5b83\u539f\u672c\u662fDog\u8fd9\u4e2a\u7c7b\u7684\uff08\u5728Java\u91cc\u8fb9\u662f\u6709instance of \u53ef\u4ee5\u5224\u65ad\u7684\uff09\uff0c\u4e8e\u662f\u73b0\u5728\u4f60\u7684\u4efb\u52a1\u6765\u4e86\u3002<\/div>\r\n<div>\u8bf7\u5b8c\u6210\u4ee5\u4e0b\u51fd\u6570\u4ee5\u53ca\u7c7b\uff0c\u4f7f\u5f97\u6ee1\u8db3instanceof\u51fd\u6570\u53ef\u4ee5\u8fd4\u56de\u8be5\u5bf9\u8c61\u7684\u7c7b\u578b\u540d\u5b57\u3002\uff08\u6ce8\u610f\u8fd9\u91cc\u7684\u7c7b\u5168\u90e8\u90fd\u8fd8\u6ca1\u5b9a\u4e49\uff0c\u4f60\u53ef\u4ee5\u6839\u636e\u81ea\u5df1\u7684\u601d\u8def\u53bb\u5b8c\u6210\u5b9a\u4e49\uff0c\u5b8c\u6210\u7684\u65b9\u6cd5\u4e0d\u9650\uff0c\u80fdAC\u5373\u53ef\uff09<\/div>\r\n<div>&nbsp;<\/div>\r\n<div>================================================================<\/div>\r\n<div>\r\n<div>class Object;<\/div>\r\n<div>&nbsp;<\/div>\r\n<div>class Animal:public Object;<\/div>\r\n<div>class Dog:public Animal;<\/div>\r\n<div>class Cat:public Animal;<\/div>\r\n<div>&nbsp;<\/div>\r\n<div>class Vehicle:public Object;<\/div>\r\n<div>class Bus:public Vehicle;<\/div>\r\n<div>class Car:public Vehicle;<\/div>\r\n<div>&nbsp;<\/div>\r\n<div>class Person:public Object;<\/div>\r\n<div>class Student:public Animal;<\/div>\r\n<div>class Teacher:public Animal;<\/div>\r\n<\/div>\r\n<div>\/*<\/div>\r\n<div>&nbsp;* \u4e00\u4e2aObject\u5bf9\u8c61<\/div>\r\n<div>&nbsp;* \u8fd4\u56de\u8fd9\u4e2a\u5bf9\u8c61\u5b9e\u4f8b\u5b9e\u9645\u7684\u7c7b\u578b\u540d<\/div>\r\n<div>&nbsp;* \u4f8b\u5982\uff1a Object *obj = new Bus();<\/div>\r\n<div>&nbsp;* \u5219instanceof(*obj) == &quot;Bus&quot;<\/div>\r\n<div>&nbsp;*\/<\/div>\r\n<div>string instanceof(Object obj)<\/div>\r\n<p>&nbsp;<\/p>","input":"<p>&nbsp;N\/A<\/p>","output":"<p>&nbsp;N\/A<\/p>","sample_input":"\u6837\u4f8b\u6d4b\u8bd5:\r\n\r\n\tObject *obj = new Dog();\r\n\tcout << instanceof(*obj) << endl;\r\n\tObject *obj = new Car();\r\n\tcout << instanceof(*obj) << endl;","sample_output":"Dog\r\nCar\r\n","accepted":"54","submissions":"111","special_judge":"0","has_framework":"1","author":"","hint":"<p>&nbsp;\u65e0\u9700\u63d0\u4ea4\u4e3b\u51fd\u6570\uff01<\/p>","avail":"1","cid":"2348","rate_tot":"0","rate_count":"0","dataversion":"0","stdsid":"0"}