{"pid":"18421","title":"Set","time_limit":"1","memory_limit":"262144","description":"<div>&nbsp;<\/div>\r\n<div style=\"text-indent: 21pt\"><font size=\"3\">Please implement the function&nbsp;<span style=\"color: #0000ff\">int sumOfIntersection(const set&lt;int&gt;&amp; set1, const set&lt;int&gt;&amp; set2)<\/span>, which&nbsp;returns the sum of all the elements that both appear in set1 and set2.<\/font><\/div>\r\n<div>&nbsp;<\/div>\r\n<div style=\"text-indent: 21pt\"><font size=\"3\">Your submitted source code should&nbsp;include the implementation of the sumOfIntersection function.<\/font><\/div>\r\n<div style=\"text-indent: 21pt\"><font size=\"3\">No main() function should be included.<\/font><\/div>\r\n<p>&nbsp;<\/p>","input":"","output":"","sample_input":"set1: 1 3 5\r\nset2: 1","sample_output":"1","accepted":"61","submissions":"195","special_judge":"0","has_framework":"1","author":"","hint":"","avail":"1","cid":"2348","rate_tot":"0","rate_count":"0","dataversion":"0","stdsid":"0"}