{"pid":"18055","title":"The Triangle Class","time_limit":"1","memory_limit":"262144","description":"<p>Design a class named Triangle that extends <strong>GeometricObject <\/strong>class.<br \/>\r\nThe class contains:<br \/>\r\nThree <strong>double<\/strong> data fields named <strong>side1<\/strong>, <strong>side2<\/strong>, and <strong>side3<\/strong> with default values <strong>1.0<\/strong> to denote three sides of the triangle.<br \/>\r\nA no-arg constructor that creates a default triangle with color = &quot;blue&quot;, filled = true.<br \/>\r\nA constructor that creates a triangle with the specified side1, side2, side3 and color = &quot;blue&quot;, filled = true.<br \/>\r\nThe accessor functions for all three data fields, named <strong>getSide1()<\/strong>, <strong>getSide2()<\/strong>, <strong>getSide3()<\/strong>.<br \/>\r\nA function named <strong>getArea()<\/strong> that returns the area of this triangle.<br \/>\r\nA function named <strong>getPerimeter()<\/strong> that returns the perimeter of the triangle.<br \/>\r\n<br \/>\r\nclass GeometricObject<br \/>\r\n{<br \/>\r\npublic:<br \/>\r\n&nbsp; GeometricObject(string color, bool filled)<br \/>\r\n&nbsp; {<br \/>\r\n&nbsp;&nbsp;&nbsp; this-&gt;color = color;<br \/>\r\n&nbsp;&nbsp;&nbsp; this-&gt;filled = filled;<br \/>\r\n&nbsp; }<br \/>\r\n&nbsp; <br \/>\r\n&nbsp; string getColor()<br \/>\r\n&nbsp; { return color; }<br \/>\r\n&nbsp; void setColor(string color)<br \/>\r\n&nbsp; { this-&gt;color = color; }<br \/>\r\n&nbsp; bool isFilled()<br \/>\r\n&nbsp; { return filled; }<br \/>\r\n&nbsp; void setFilled(bool filled)<br \/>\r\n&nbsp; { this-&gt;filled = filled;}<br \/>\r\n&nbsp; string toString()<br \/>\r\n&nbsp; {<br \/>\r\n&nbsp;&nbsp;&nbsp; return &quot;Geometric object color &quot; + color +<br \/>\r\n&nbsp;&nbsp;&nbsp; &quot; filled &quot; + ((filled) ? &quot;true&quot; : &quot;false&quot;);<br \/>\r\n&nbsp; }<br \/>\r\nprivate:<br \/>\r\n&nbsp; string color;<br \/>\r\n&nbsp; bool filled;<br \/>\r\n};<br \/>\r\n&nbsp;<\/p>","input":"","output":"","sample_input":"","sample_output":"","accepted":"77","submissions":"249","special_judge":"0","has_framework":"1","author":"","hint":"<p>Please submit the GeometricObject class and Triangle class.<\/p>\r\n<p>Don't submit the main() function.<\/p>","avail":"1","cid":"2284","rate_tot":"0","rate_count":"0","dataversion":"0","stdsid":"0"}