{"pid":"18234","title":"Chain Call","time_limit":"1","memory_limit":"262144","description":"<p>&nbsp;<span style=\"color: rgb(51, 51, 51); font-family: Verdana, sans-serif; font-size: 9pt;\">As shown in the following code segment, <\/span><b style=\"color: rgb(51, 51, 51); font-family: Verdana, sans-serif; font-size: 9pt;\">op<\/b><span style=\"color: rgb(51, 51, 51); font-family: Verdana, sans-serif; font-size: 9pt;\"> is an object of class <\/span><b style=\"color: rgb(51, 51, 51); font-family: Verdana, sans-serif; font-size: 9pt;\">Number<\/b><span style=\"color: rgb(51, 51, 51); font-family: Verdana, sans-serif; font-size: 9pt;\">. Please implement <\/span><b style=\"color: rgb(51, 51, 51); font-family: Verdana, sans-serif; font-size: 9pt;\">Number<\/b><span style=\"color: rgb(51, 51, 51); font-family: Verdana, sans-serif; font-size: 9pt;\"> in which you should:<\/span><\/p>\r\n<p class=\"MsoNormal\" style=\"margin-left:18.0pt;text-indent:-18.0pt;mso-list:l0 level1 lfo1;\r\ntab-stops:list 18.0pt\"><!--[if !supportLists]--><span lang=\"EN-US\" style=\"font-size:\r\n9.0pt;font-family:&quot;Verdana&quot;,&quot;sans-serif&quot;;mso-fareast-font-family:Verdana;\r\nmso-bidi-font-family:Verdana;color:#333333;mso-font-kerning:0pt\">1.<span style=\"font-size: 7pt; font-family: 'Times New Roman';\">&nbsp;&nbsp;&nbsp; <\/span><\/span><!--[endif]--><span lang=\"EN-US\" style=\"font-size:9.0pt;\r\nfont-family:&quot;Verdana&quot;,&quot;sans-serif&quot;;mso-bidi-font-family:\u5b8b\u4f53;color:#333333;\r\nmso-font-kerning:0pt\">write the member functions of <b>add<\/b> and <b>sub<\/b> with one int parameter respectively. <o:p><\/o:p><\/span><\/p>\r\n<p class=\"MsoNormal\" style=\"margin-left:18.0pt;text-indent:-18.0pt;mso-list:l0 level1 lfo1;\r\ntab-stops:list 18.0pt\"><!--[if !supportLists]--><span lang=\"EN-US\" style=\"font-size:\r\n9.0pt;font-family:&quot;Verdana&quot;,&quot;sans-serif&quot;;mso-fareast-font-family:Verdana;\r\nmso-bidi-font-family:Verdana;color:#333333;mso-font-kerning:0pt\">2.<span style=\"font-size: 7pt; font-family: 'Times New Roman';\">&nbsp;&nbsp;&nbsp; <\/span><\/span><!--[endif]--><span lang=\"EN-US\" style=\"font-size:9.0pt;\r\nfont-family:&quot;Verdana&quot;,&quot;sans-serif&quot;;mso-bidi-font-family:\u5b8b\u4f53;color:#333333;\r\nmso-font-kerning:0pt\">write a <b>constructor<\/b> with one int parameter.<o:p><\/o:p><\/span><\/p>\r\n<p class=\"MsoNormal\" style=\"margin-left:18.0pt;text-indent:-18.0pt;mso-list:l0 level1 lfo1;\r\ntab-stops:list 18.0pt\"><!--[if !supportLists]--><span lang=\"EN-US\" style=\"font-size:\r\n9.0pt;font-family:&quot;Verdana&quot;,&quot;sans-serif&quot;;mso-fareast-font-family:Verdana;\r\nmso-bidi-font-family:Verdana;color:#333333;mso-font-kerning:0pt\">3.<span style=\"font-size: 7pt; font-family: 'Times New Roman';\">&nbsp;&nbsp;&nbsp; <\/span><\/span><!--[endif]--><span lang=\"EN-US\" style=\"font-size:9.0pt;\r\nfont-family:&quot;Verdana&quot;,&quot;sans-serif&quot;;mso-bidi-font-family:\u5b8b\u4f53;color:#333333;\r\nmso-font-kerning:0pt\">write a <b>print<\/b> function to print the result.<o:p><\/o:p><\/span><\/p>\r\n<p class=\"NormalWeb\" style=\"margin:0cm;margin-bottom:.0001pt;text-align:justify;\r\ntext-justify:inter-ideograph\"><span lang=\"EN-US\" style=\"font-size:9.0pt;\r\nfont-family:&quot;Verdana&quot;,&quot;sans-serif&quot;;color:#333333\">&nbsp;<\/span><\/p>\r\n<p class=\"NormalWeb\" style=\"margin:0cm;margin-bottom:.0001pt;text-align:justify;\r\ntext-justify:inter-ideograph\"><span lang=\"EN-US\" style=\"font-size:9.0pt;\r\nfont-family:&quot;Verdana&quot;,&quot;sans-serif&quot;;color:#333333\">Number op(1);<o:p><\/o:p><\/span><\/p>\r\n<p class=\"NormalWeb\" style=\"margin:0cm;margin-bottom:.0001pt;text-align:justify;\r\ntext-justify:inter-ideograph\"><span lang=\"EN-US\" style=\"font-size:9.0pt;\r\nfont-family:&quot;Verdana&quot;,&quot;sans-serif&quot;;color:#333333\">op.add(2).sub(3).add(4)<o:p><\/o:p><\/span><\/p>\r\n<p class=\"NormalWeb\" style=\"margin:0cm;margin-bottom:.0001pt;text-align:justify;\r\ntext-justify:inter-ideograph\"><span lang=\"EN-US\" style=\"font-size:9.0pt;\r\nfont-family:&quot;Verdana&quot;,&quot;sans-serif&quot;;color:#333333\">op.print();&nbsp;&nbsp; \/\/ output<\/span><span style=\"font-size:9.0pt;\r\nmso-ascii-font-family:Verdana;mso-hansi-font-family:Verdana;color:#333333\">\uff1a<\/span><span lang=\"EN-US\" style=\"font-size:9.0pt;font-family:&quot;Verdana&quot;,&quot;sans-serif&quot;;\r\ncolor:#333333\">4<o:p><\/o:p><\/span><\/p>","input":"","output":"","sample_input":"Sample Test\r\n    Number n(1);\r\n    n.add(2).sub(3).add(4);\r\n    n.print();\r\n","sample_output":"4","accepted":"0","submissions":"0","special_judge":"0","has_framework":"1","author":"","hint":"","avail":"1","cid":"2311","rate_tot":"0","rate_count":"0","dataversion":"0","stdsid":"0"}