{"pid":"18328","title":"The Max of a sequence","time_limit":"1","memory_limit":"262144","description":"<div>&nbsp;<\/div>\r\n<div style=\"text-indent: 21pt\"><font size=\"3\">Write&nbsp;a generic function <span style=\"color: #0000ff\">T max(T seq[], int n)<\/span> that returns&nbsp;the maximum element of a given&nbsp;sequence with n elements (n&gt;=1). You are ensured the type T could be compared with operator '&lt;'.<\/font><\/div>\r\n<div>&nbsp;<\/div>\r\n<div style=\"text-indent: 21pt\"><font size=\"3\">Your submitted source code should include the implementation of the <span style=\"color: #0000ff\">max<\/span> function template.<\/font><\/div>\r\n<div style=\"text-indent: 21pt\"><font size=\"3\">No main() function should be included.<\/font><\/div>\r\n<p>&nbsp;<\/p>","input":"","output":"","sample_input":"","sample_output":"","accepted":"6","submissions":"10","special_judge":"0","has_framework":"1","author":"","hint":"","avail":"1","cid":"2331","rate_tot":"0","rate_count":"0","dataversion":"0","stdsid":"0"}