{"pid":"17976","title":"Static Member","time_limit":"1","memory_limit":"262144","description":"<p>\/* <br \/>\r\n\u6d4b\u8bd5static member<br \/>\r\n*\/<br \/>\r\n\u5b8c\u6210\u7c7bInt\uff0c\u53ef\u4ee5\u52a0\u5165\u4f60\u89c9\u5f97\u9700\u8981\u7684member value or function.<br \/>\r\nclass Int<br \/>\r\n{<br \/>\r\n&nbsp;&nbsp;&nbsp; int data;<br \/>\r\npublic:<br \/>\r\n&nbsp;&nbsp;&nbsp; Int(int n); \/\/\u5c06n\u7684\u503c\u8d4b\u7ed9data<br \/>\r\n};<br \/>\r\n<br \/>\r\n\u4f7f\u5f97\u51fd\u6570f()\u8f93\u51fa\u4e3a<br \/>\r\nnum 1 is odd? 1<br \/>\r\nnum 2 is odd? 0<br \/>\r\n1 objects of Int has been constructed.<br \/>\r\n2 objects of Int has been constructed.<br \/>\r\n2 objects of Int has been constructed.<br \/>\r\n<br \/>\r\nvoid f()<br \/>\r\n{<br \/>\r\n&nbsp;&nbsp;&nbsp; int i1=1, i2=2;<br \/>\r\n&nbsp;&nbsp;&nbsp; cout &lt;&lt; &quot;num &quot; &lt;&lt; i1 &lt;&lt; &quot; is odd? &quot; &lt;&lt; Int::isodd(1) &lt;&lt; endl;&nbsp;&nbsp;&nbsp; <br \/>\r\n&nbsp;&nbsp;&nbsp; cout &lt;&lt; &quot;num &quot; &lt;&lt; i2 &lt;&lt; &quot; is odd? &quot; &lt;&lt; Int::isodd(2) &lt;&lt; endl;&nbsp;&nbsp;&nbsp; <br \/>\r\n&nbsp;&nbsp;&nbsp; Int ii1; <br \/>\r\n&nbsp;&nbsp;&nbsp; { Int ii1(i1); }<br \/>\r\n&nbsp;&nbsp;&nbsp; Int ii2(i2);<br \/>\r\n}<br \/>\r\n&nbsp;<\/p>","input":"","output":"","sample_input":"","sample_output":"","accepted":"63","submissions":"181","special_judge":"0","has_framework":"1","author":"","hint":"","avail":"1","cid":"2270","rate_tot":"0","rate_count":"0","dataversion":"0","stdsid":"0"}