{"pid":"18110","title":"\u732b\u79d1\u52a8\u7269\u548c\u8001\u864e","time_limit":"1","memory_limit":"262144","description":"<p>\u4e0b\u9762\u662f\u4e0d\u5b8c\u6574\u7684\u7ee7\u627f\u7c7b\u5b9a\u4e49\uff0c<br \/>\r\n<br \/>\r\nclass Cat<br \/>\r\n{<br \/>\r\n&nbsp;&nbsp;&nbsp; int data;<br \/>\r\npublic:<br \/>\r\n&nbsp;&nbsp;&nbsp; Cat();<br \/>\r\n};<br \/>\r\n<br \/>\r\nclass Tiger : public Cat<br \/>\r\n{<br \/>\r\n&nbsp;&nbsp;&nbsp; int data;<br \/>\r\npublic:<br \/>\r\n&nbsp;&nbsp;&nbsp; Tiger(int);<br \/>\r\n};<br \/>\r\n<br \/>\r\n\u8bd5\u5b8c\u6210\u5176\u5b9a\u4e49(\u4f60\u53ef\u4ee5\u6839\u636e\u9700\u8981\u589e\u52a0\u5fc5\u8981\u7684\u6784\u9020\u51fd\u6570\u548c\u6790\u6784\u51fd\u6570)\uff0c\u4f7f\u5f97\u4e3b\u51fd\u6570main\u8fd0\u884c\u540e\u80fd\u5f97\u5230\u5176\u540e\u7ed3\u679c\uff1a<br \/>\r\n<br \/>\r\nint main()<br \/>\r\n{<br \/>\r\n&nbsp;&nbsp;&nbsp; Cat bc;<br \/>\r\n&nbsp;&nbsp;&nbsp; Tiger dc(6);<br \/>\r\n&nbsp;&nbsp;&nbsp; Tiger dc1(18);<br \/>\r\n<br \/>\r\n&nbsp;&nbsp;&nbsp; return 0;<br \/>\r\n}<\/p>\r\n<p><br \/>\r\n\u8fd0\u884c\u7ed3\u679c\uff1a<br \/>\r\nDefault Constructor of Cat is Running<br \/>\r\nConstructor of Cat is Running 6<br \/>\r\nConstructor of Tiger is Running 6<br \/>\r\nConstructor of Cat is Running 18<br \/>\r\nConstructor of Tiger is Running 18<br \/>\r\nDestructor of Tiger is Running 18<br \/>\r\nDestructor of Cat is Running 18<br \/>\r\nDestructor of Tiger is Running 6<br \/>\r\nDestructor of Cat is Running 6<br \/>\r\nDestructor of Cat is Running 0<br \/>\r\n<br \/>\r\n\u6ce8\u610f\uff1a\u4f60\u53ea\u9700\u8981\u63d0\u4ea4\u7c7b\u5b9a\u4e49\u3002<\/p>","input":"","output":"","sample_input":"","sample_output":"","accepted":"84","submissions":"170","special_judge":"0","has_framework":"1","author":"","hint":"","avail":"1","cid":"2297","rate_tot":"0","rate_count":"0","dataversion":"0","stdsid":"0"}