{"pid":"18369","title":"Binary to decimal","time_limit":"1","memory_limit":"262144","description":"<p>Write a function that parses a binary number as a string into a decimal integer. <br \/>\r\nThe function header is as follows:<br \/>\r\n<br \/>\r\nint <strong>parseBinary<\/strong>(const char * const binaryString)<br \/>\r\n<br \/>\r\nYour implementation of parseBinary function should throw a <strong>runtime_error<\/strong> exception if the binaryString is not a binary string.<br \/>\r\nThe test function f():<br \/>\r\nvoid f()<br \/>\r\n{<br \/>\r\n&nbsp; try<br \/>\r\n&nbsp; {<br \/>\r\n&nbsp;&nbsp;&nbsp; cout &lt;&lt; parseBinary(&quot;10001&quot;) &lt;&lt; endl;<br \/>\r\n&nbsp;&nbsp;&nbsp; cout &lt;&lt; parseBinary(&quot;11111111&quot;) &lt;&lt; endl;<br \/>\r\n&nbsp;&nbsp;&nbsp; cout &lt;&lt; parseBinary(&quot;21111111&quot;) &lt;&lt; endl;<br \/>\r\n&nbsp; }<br \/>\r\n&nbsp; catch (runtime_error ex)<br \/>\r\n&nbsp; {<br \/>\r\n&nbsp;&nbsp;&nbsp; cout &lt;&lt; ex.what() &lt;&lt; endl;<br \/>\r\n&nbsp; }<br \/>\r\n}<br \/>\r\nshould output:<br \/>\r\n17<br \/>\r\n255<br \/>\r\nBinary number format error<br \/>\r\n&nbsp;<\/p>","input":"","output":"","sample_input":"","sample_output":"","accepted":"70","submissions":"96","special_judge":"0","has_framework":"1","author":"","hint":"","avail":"1","cid":"2340","rate_tot":"0","rate_count":"0","dataversion":"0","stdsid":"0"}