{"pid":"17892","title":"The Date class (version 2)","time_limit":"1","memory_limit":"262144","description":"<pre>\r\nImplement the operator ++(prefix), --(prefix), ++(postfix), --(postfix), in the class Date\r\nclass Date\r\n{\r\npublic:\r\n  Date(int y=0, int m=1, int d=1); \r\n  static bool leapyear(int year);\r\n  int getYear() const;\r\n  int getMonth() const;\r\n  int getDay() const;\r\n\r\n  friend ostream&amp; operator&lt;&lt;(ostream&amp;, const Date&amp;);  \r\n  \/\/ add any member you need here \r\n};\r\n\r\nYou implementation should enable the usage like this:\r\nvoid f()\r\n{\r\n  Date date(2004,2,28);\r\n  cout &lt;&lt; &quot;date = &quot; &lt;&lt; date &lt;&lt; endl;\r\n  cout &lt;&lt; &quot;++date = &quot; &lt;&lt; ++date &lt;&lt; endl;\r\n  cout &lt;&lt; &quot;--date = &quot; &lt;&lt; --date &lt;&lt; endl;\r\n  cout &lt;&lt; &quot;date++ = &quot; &lt;&lt; date++ &lt;&lt; endl;\r\n  cout &lt;&lt; &quot;date-- = &quot; &lt;&lt; date-- &lt;&lt; endl;\r\n  cout &lt;&lt; &quot;date = &quot; &lt;&lt; date &lt;&lt; endl;\r\n}\r\n\r\nThe output of f() should be:\r\n\r\ndate = 2004-2-28\r\n++date = 2004-2-29\r\n--date = 2004-2-28\r\ndate++ = 2004-2-28\r\ndate-- = 2004-2-29\r\ndate = 2004-2-28\r\n\r\n\u63d0\u4ea4\u65f6\u4e0d\u9700\u8981\u63d0\u4ea4operator &lt;&lt; \u91cd\u8f7d\u3002\r\n <\/pre>","input":"","output":"","sample_input":"","sample_output":"","accepted":"0","submissions":"0","special_judge":"0","has_framework":"1","author":"","hint":"","avail":"1","cid":"2256","rate_tot":"0","rate_count":"0","dataversion":"0","stdsid":"0"}