{"pid":"17854","title":"Change to upper case","time_limit":"1","memory_limit":"262144","description":"<p>&nbsp;Given a line contains multiple words, change the first character in each word to upper case. A word may contains letters, numbers or other characters.<\/p>","input":"<p>A line containing multiple words, seperated by one blank. A word may contains letters, numbers or other characters.<br \/>\r\nThere is no blank after the last word.<br \/>\r\nThe line contains less than 100 characters.<\/p>","output":"<p>The same line with the first character of each word being upper case. &nbsp;<\/p>","sample_input":"Please change me to upper-case.","sample_output":"Please Change Me To Upper-case.","accepted":"56","submissions":"163","special_judge":"0","has_framework":"0","author":"","hint":"","avail":"1","cid":"2251","rate_tot":"0","rate_count":"0","dataversion":"0","stdsid":"0"}