{"pid":"18362","title":"multiple inheritance","time_limit":"1","memory_limit":"262144","description":"<p>\u5199\u4f5c\u548c\u8d5b\u8f66\u662f\u97e9\u5c11\u7684\u4e24\u5927\u6700\u7231\uff0c\u4f46\u5728\u751f\u6d3b\u7684\u4e0d\u540c\u65f6\u671f\u8fd8\u662f\u8981\u6709\u6240\u53d6\u820d\u3002<\/p>\r\n<p>\u97e9\u5c11\u7684\u539f\u5219\u662f\uff1a<\/p>\r\n<p>\u5468\u672b\uff1a\u5199\u4f5c\u4f18\u5148\uff1b \u5468\u5185\uff1a\u8d5b\u8f66\u4f18\u5148\uff1b<\/p>\r\n<p>\u8fd9\u4e9b\u53ef\u4ee5\u63d0\u73b0\u5728Weekend\u548cWorkday\u7684\u5bf9\u8c61\u6784\u9020\u4e2d\uff0c\u7c7b\u7ee7\u627f\u5173\u7cfb\u5982\u4e0b\uff1a<\/p>\r\n<p>Racing&nbsp;&nbsp;&nbsp;&nbsp;&nbsp;&nbsp;&nbsp;&nbsp;&nbsp;&nbsp;&nbsp; Writing<\/p>\r\n<p>&nbsp;&nbsp;&nbsp; \\&nbsp;&nbsp;&nbsp;&nbsp;&nbsp;&nbsp;&nbsp;&nbsp;&nbsp;&nbsp;&nbsp;&nbsp;&nbsp;&nbsp;&nbsp;&nbsp;&nbsp;&nbsp;&nbsp;&nbsp;&nbsp;&nbsp; \/<\/p>\r\n<p>&nbsp; Weekend\/Workday<\/p>\r\n<p>&nbsp;<\/p>\r\n<p>\u5176\u4e2dRacing\u548cWriting\u5982\u4e0b\uff1a<\/p>\r\n<p>&nbsp;<\/p>\r\n<p>class Writing<br \/>\r\n{<br \/>\r\npublic:<br \/>\r\n&nbsp;Writing(){cout&lt;&lt;&quot;Writing constructor&quot;&lt;&lt;endl;}<br \/>\r\n&nbsp;~Writing(){cout&lt;&lt;&quot;~Writing&quot;&lt;&lt;endl;}<br \/>\r\n};<\/p>\r\n<p>class Racing<br \/>\r\n{<br \/>\r\npublic:<br \/>\r\n&nbsp;Racing(){cout&lt;&lt;&quot;Racing constructor&quot;&lt;&lt;endl;}<br \/>\r\n&nbsp;~Racing(){cout&lt;&lt;&quot;~Racing&quot;&lt;&lt;endl;}<br \/>\r\n};<\/p>\r\n<p>\u4e3b\u51fd\u6570\u5982\u4e0b\uff1a<\/p>\r\n<p>int main()<br \/>\r\n{<br \/>\r\n&nbsp;{<br \/>\r\n&nbsp;Weekend end;<br \/>\r\n&nbsp;Workday day;<br \/>\r\n}<br \/>\r\n}<br \/>\r\n&nbsp;<\/p>\r\n<p>\u5982\u4f55\u4f7f\u5f97\u8f93\u51fa\u4e3a\uff1a<\/p>\r\n<p>Writing constructor<br \/>\r\nRacing constructor<br \/>\r\nWeekend constructor<br \/>\r\nRacing constructor<br \/>\r\nWriting constructor<br \/>\r\nWorkday constructor<br \/>\r\n~Workday<br \/>\r\n~Writing<br \/>\r\n~Racing<br \/>\r\n~Weekend<br \/>\r\n~Racing<br \/>\r\n~Writing<br \/>\r\n&nbsp;<\/p>\r\n<p>&nbsp;<\/p>","input":"<p>none<\/p>","output":"<p>Writing constructor<br \/>\r\nRacing constructor<br \/>\r\nWeekend constructor<br \/>\r\nRacing constructor<br \/>\r\nWriting constructor<br \/>\r\nWorkday constructor<br \/>\r\n~Workday<br \/>\r\n~Writing<br \/>\r\n~Racing<br \/>\r\n~Weekend<br \/>\r\n~Racing<br \/>\r\n~Writing<br \/>\r\n&nbsp;<\/p>","sample_input":"","sample_output":"Writing constructor\r\nRacing constructor\r\nWeekend constructor\r\nRacing constructor\r\nWriting constructor\r\nWorkday constructor\r\n~Workday\r\n~Writing\r\n~Racing\r\n~Weekend\r\n~Racing\r\n~Writing\r\n","accepted":"77","submissions":"113","special_judge":"0","has_framework":"1","author":"Lab 9 polymorphic and I\/O","hint":"<p>\u63d0\u4ea4main\u51fd\u6570\u4e4b\u5916\u7684\u6240\u6709\u7c7b<\/p>","avail":"1","cid":"2339","rate_tot":"0","rate_count":"0","dataversion":"0","stdsid":"0"}