{"pid":"18102","title":"Constructor chains","time_limit":"1","memory_limit":"262144","description":"<div>&nbsp;<\/div>\r\n<div style=\"text-indent: 21pt\"><font size=\"3\">There are four classes A, B, C and D. They all have the&nbsp;same form as follows:&nbsp;<\/font><\/div>\r\n<div>&nbsp;<\/div>\r\n<div><span style=\"color: #0000ff\"><font size=\"3\">class&nbsp;X<\/font><\/span><\/div>\r\n<div><span style=\"color: #0000ff\"><font size=\"3\">{<br \/>\r\npublic:<br \/>\r\n&nbsp;&nbsp;&nbsp; X() { cout &lt;&lt; &quot;In X()&quot; &lt;&lt; endl; }<br \/>\r\n&nbsp;&nbsp;&nbsp; ~X() { cout &lt;&lt; &quot;In ~X()&quot; &lt;&lt; endl; }<br \/>\r\n};<\/font><\/span><\/div>\r\n<div>&nbsp;<\/div>\r\n<div style=\"text-indent: 21pt\"><font size=\"3\">X belongs to { A, B, C, D }. These four classes have some kind of inheritance relationship. You are to find the right&nbsp;one to generate the desired output, which should come from the constructors and destructors.&nbsp;<\/font><\/div>\r\n<div>&nbsp;<\/div>\r\n<div style=\"text-indent: 21pt\"><font size=\"3\">Your submitted&nbsp;source code should&nbsp;include all the&nbsp;implementation of the A, B, C and D classes. <\/font><\/div>\r\n<div style=\"text-indent: 21pt\"><font size=\"3\">No main() function should be included.<\/font><\/div>\r\n<div>&nbsp;<\/div>\r\n<div><strong><font size=\"3\">Note<\/font><\/strong><font size=\"3\">: the main() function of the test framework&nbsp;looks like this: <\/font><\/div>\r\n<div><font size=\"3\">------------------------------------------------------------------------------<\/font><\/div>\r\n<div><font size=\"3\">int main()<br \/>\r\n{<br \/>\r\n&nbsp;&nbsp;&nbsp; D d;<br \/>\r\n&nbsp;&nbsp;&nbsp; return 0;<br \/>\r\n}<\/font><\/div>\r\n<div><font size=\"3\">------------------------------------------------------------------------------<\/font><\/div>","input":"","output":"<div><font size=\"3\">In B()<br \/>\r\nIn C()<br \/>\r\nIn B()<br \/>\r\nIn A()<br \/>\r\nIn D()<br \/>\r\nIn ~D()<br \/>\r\nIn ~A()<br \/>\r\nIn ~B()<br \/>\r\nIn ~C()<br \/>\r\nIn ~B()<\/font><\/div>","sample_input":"","sample_output":"","accepted":"75","submissions":"104","special_judge":"0","has_framework":"1","author":"","hint":"","avail":"1","cid":"2297","rate_tot":"0","rate_count":"0","dataversion":"0","stdsid":"0"}