{"pid":"18235","title":" Inservice","time_limit":"1","memory_limit":"262144","description":"<p>&nbsp;<span style=\"color: rgb(51, 51, 51); font-size: 10.5pt; text-align: justify;\">The declaration of a class named Person is shown as follows.<\/span><\/p>\r\n<p class=\"p0\" style=\"margin:0cm;margin-bottom:.0001pt;text-align:justify;\r\ntext-justify:inter-ideograph\"><span lang=\"EN-US\" style=\"font-size:10.0pt;\r\nfont-family:&quot;Courier New&quot;;color:blue\">class<\/span><span lang=\"EN-US\" style=\"font-size:10.0pt;font-family:&quot;Courier New&quot;;color:#333333\"> Person{<\/span><span lang=\"EN-US\" style=\"font-size:9.0pt;font-family:&quot;Verdana&quot;,&quot;sans-serif&quot;;\r\ncolor:#333333\"><o:p><\/o:p><\/span><\/p>\r\n<p class=\"p0\" style=\"margin:0cm;margin-bottom:.0001pt;text-align:justify;\r\ntext-justify:inter-ideograph\"><span lang=\"EN-US\" style=\"font-size:10.0pt;\r\nfont-family:&quot;Courier New&quot;;color:blue\">public<\/span><span lang=\"EN-US\" style=\"font-size:10.0pt;font-family:&quot;Courier New&quot;;color:#333333\">:<\/span><span lang=\"EN-US\" style=\"font-size:9.0pt;font-family:&quot;Verdana&quot;,&quot;sans-serif&quot;;\r\ncolor:#333333\"><o:p><\/o:p><\/span><\/p>\r\n<p class=\"p0\" style=\"margin:0cm;margin-bottom:.0001pt;text-align:justify;\r\ntext-justify:inter-ideograph\"><span lang=\"EN-US\" style=\"font-size:10.0pt;\r\nfont-family:&quot;Courier New&quot;;color:#333333\">&nbsp;&nbsp;&nbsp; Person(){ cout &lt;&lt; <\/span><span lang=\"EN-US\" style=\"font-size:10.0pt;\r\nfont-family:&quot;Courier New&quot;;color:#A31515\">&quot;Construct Person&quot;<\/span><span lang=\"EN-US\" style=\"font-size:10.0pt;font-family:&quot;Courier New&quot;;color:#333333\"> &lt;&lt; endl;}<\/span><span lang=\"EN-US\" style=\"font-size:9.0pt;font-family:&quot;Verdana&quot;,&quot;sans-serif&quot;;\r\ncolor:#333333\"><o:p><\/o:p><\/span><\/p>\r\n<p class=\"p0\" style=\"margin:0cm;margin-bottom:.0001pt;text-align:justify;\r\ntext-justify:inter-ideograph\"><span lang=\"EN-US\" style=\"font-size:10.0pt;\r\nfont-family:&quot;Courier New&quot;;color:#333333\">&nbsp;&nbsp;&nbsp; ~Person(){ cout &lt;&lt; <\/span><span lang=\"EN-US\" style=\"font-size:10.0pt;\r\nfont-family:&quot;Courier New&quot;;color:#A31515\">&quot;Destruct Person&quot;<\/span><span lang=\"EN-US\" style=\"font-size:10.0pt;font-family:&quot;Courier New&quot;;color:#333333\"> &lt;&lt; endl;}<\/span><span lang=\"EN-US\" style=\"font-size:9.0pt;font-family:&quot;Verdana&quot;,&quot;sans-serif&quot;;\r\ncolor:#333333\"><o:p><\/o:p><\/span><\/p>\r\n<p class=\"p0\" style=\"margin:0cm;margin-bottom:.0001pt;text-align:justify;\r\ntext-justify:inter-ideograph\"><span lang=\"EN-US\" style=\"font-size:10.0pt;\r\nfont-family:&quot;Courier New&quot;;color:blue\">public<\/span><span lang=\"EN-US\" style=\"font-size:10.0pt;font-family:&quot;Courier New&quot;;color:#333333\">:<\/span><span lang=\"EN-US\" style=\"font-size:9.0pt;font-family:&quot;Verdana&quot;,&quot;sans-serif&quot;;\r\ncolor:#333333\"><o:p><\/o:p><\/span><\/p>\r\n<p class=\"p0\" style=\"margin:0cm;margin-bottom:.0001pt;text-align:justify;\r\ntext-justify:inter-ideograph\"><span lang=\"EN-US\" style=\"font-size:10.0pt;\r\nfont-family:&quot;Courier New&quot;;color:#333333\">&nbsp;&nbsp;&nbsp; string name;&nbsp;&nbsp;&nbsp;&nbsp;&nbsp; <\/span><span lang=\"EN-US\" style=\"font-size:10.0pt;font-family:&quot;Courier New&quot;;color:green\">\/\/<\/span><span lang=\"EN-US\" style=\"font-size:10.0pt;mso-bidi-font-family:&quot;Courier New&quot;;\r\ncolor:green\">person&rsquo;s name<\/span><span lang=\"EN-US\" style=\"font-size:9.0pt;\r\nfont-family:&quot;Verdana&quot;,&quot;sans-serif&quot;;color:#333333\"><o:p><\/o:p><\/span><\/p>\r\n<p class=\"p0\" style=\"margin:0cm;margin-bottom:.0001pt;text-align:justify;\r\ntext-justify:inter-ideograph;text-indent:19.5pt\"><span lang=\"EN-US\" style=\"font-size:10.0pt;font-family:&quot;Courier New&quot;;color:blue\">int<\/span><span lang=\"EN-US\" style=\"font-size:10.0pt;font-family:&quot;Courier New&quot;;color:#333333\"> sex;&nbsp;&nbsp; &nbsp;&nbsp;&nbsp;&nbsp;&nbsp;&nbsp;&nbsp;&nbsp;<\/span><span lang=\"EN-US\" style=\"font-size:10.0pt;font-family:&quot;Courier New&quot;;color:green\">\/\/1--male, 0&mdash;female<o:p><\/o:p><\/span><\/p>\r\n<p class=\"p0\" style=\"margin:0cm;margin-bottom:.0001pt;text-align:justify;\r\ntext-justify:inter-ideograph\"><span lang=\"EN-US\" style=\"font-size:10.0pt;\r\nfont-family:&quot;Courier New&quot;;color:#333333\">};<\/span><span lang=\"EN-US\" style=\"font-size:9.0pt;font-family:&quot;Verdana&quot;,&quot;sans-serif&quot;;color:#333333\"><o:p><\/o:p><\/span><\/p>\r\n<p class=\"p0\" style=\"margin:0cm;margin-bottom:.0001pt;text-align:justify;\r\ntext-justify:inter-ideograph\"><span lang=\"EN-US\" style=\"font-size:10.5pt;\r\ncolor:#333333\">&nbsp;<\/span><\/p>\r\n<p class=\"p0\" style=\"margin:0cm;margin-bottom:.0001pt;text-align:justify;\r\ntext-justify:inter-ideograph\"><span lang=\"EN-US\" style=\"font-size:10.5pt;\r\ncolor:#333333\">Class Student, Worker and InService are direct derived and indirect derived classes of Person. Student has attributes of name, sex, and sno. Worker has attributes of name, sex and wno. sno and wno are the student number and the worker number respectively.<o:p><\/o:p><\/span><\/p>\r\n<p class=\"p0\" style=\"margin:0cm;margin-bottom:.0001pt;text-align:justify;\r\ntext-justify:inter-ideograph\"><span lang=\"EN-US\" style=\"font-size:10.5pt;\r\ncolor:#333333\">Please use inheritance or virtual inheritance to implement Student, Worker and InService so that they satisfy the following main function.<o:p><\/o:p><\/span><\/p>\r\n<p class=\"p0\" style=\"margin:0cm;margin-bottom:.0001pt;text-align:justify;\r\ntext-justify:inter-ideograph\"><span lang=\"EN-US\" style=\"font-size:10.5pt;\r\ncolor:#333333\">&nbsp;<\/span><\/p>\r\n<p class=\"p0\" style=\"margin:0cm;margin-bottom:.0001pt;text-align:justify;\r\ntext-justify:inter-ideograph;layout-grid-mode:char\"><span lang=\"EN-US\" style=\"font-size:10.0pt;font-family:&quot;Courier New&quot;;color:blue\">int<\/span><span lang=\"EN-US\" style=\"font-size:10.0pt;font-family:&quot;Courier New&quot;;color:#333333\"> <\/span><span lang=\"EN-US\" style=\"font-size:10.0pt;font-family:&quot;Courier New&quot;;color:#020002\">main<\/span><span lang=\"EN-US\" style=\"font-size:10.0pt;font-family:&quot;Courier New&quot;;color:#333333\">()<\/span><span lang=\"EN-US\" style=\"font-size:9.0pt;font-family:&quot;Verdana&quot;,&quot;sans-serif&quot;;\r\ncolor:#333333\"><o:p><\/o:p><\/span><\/p>\r\n<p class=\"p0\" style=\"margin:0cm;margin-bottom:.0001pt;text-align:justify;\r\ntext-justify:inter-ideograph\"><span lang=\"EN-US\" style=\"font-size:10.0pt;\r\nfont-family:&quot;Courier New&quot;;color:#333333\">{<\/span><span lang=\"EN-US\" style=\"font-size:9.0pt;font-family:&quot;Verdana&quot;,&quot;sans-serif&quot;;color:#333333\"><o:p><\/o:p><\/span><\/p>\r\n<p class=\"p0\" style=\"margin:0cm;margin-bottom:.0001pt;text-align:justify;\r\ntext-justify:inter-ideograph\"><span lang=\"EN-US\" style=\"font-size:10.0pt;\r\nfont-family:&quot;Courier New&quot;;color:#333333\">&nbsp;&nbsp;&nbsp; InService is;<\/span><span lang=\"EN-US\" style=\"font-size:9.0pt;font-family:\r\n&quot;Verdana&quot;,&quot;sans-serif&quot;;color:#333333\"><o:p><\/o:p><\/span><\/p>\r\n<p class=\"p0\" style=\"margin:0cm;margin-bottom:.0001pt;text-align:justify;\r\ntext-justify:inter-ideograph\"><span lang=\"EN-US\" style=\"font-size:10.0pt;\r\nfont-family:&quot;Courier New&quot;;color:#333333\">&nbsp;&nbsp;&nbsp; is.name = <\/span><span lang=\"EN-US\" style=\"font-size:10.0pt;font-family:\r\n&quot;Courier New&quot;;color:#A31515\">&quot;name&quot;<\/span><span lang=\"EN-US\" style=\"font-size:10.0pt;font-family:&quot;Courier New&quot;;color:#333333\">;<\/span><span lang=\"EN-US\" style=\"font-size:9.0pt;font-family:&quot;Verdana&quot;,&quot;sans-serif&quot;;\r\ncolor:#333333\"><o:p><\/o:p><\/span><\/p>\r\n<p class=\"p0\" style=\"margin:0cm;margin-bottom:.0001pt;text-align:justify;\r\ntext-justify:inter-ideograph\"><span lang=\"EN-US\" style=\"font-size:10.0pt;\r\nfont-family:&quot;Courier New&quot;;color:#333333\">&nbsp;&nbsp;&nbsp; is.sex = 0;<\/span><span lang=\"EN-US\" style=\"font-size:9.0pt;font-family:\r\n&quot;Verdana&quot;,&quot;sans-serif&quot;;color:#333333\"><o:p><\/o:p><\/span><\/p>\r\n<p class=\"p0\" style=\"margin:0cm;margin-bottom:.0001pt;text-align:justify;\r\ntext-justify:inter-ideograph\"><span lang=\"EN-US\" style=\"font-size:10.0pt;\r\nfont-family:&quot;Courier New&quot;;color:#333333\">&nbsp;&nbsp;&nbsp; is.sno = <\/span><span lang=\"EN-US\" style=\"font-size:10.0pt;font-family:\r\n&quot;Courier New&quot;;color:#A31515\">&quot;10390000&quot;<\/span><span lang=\"EN-US\" style=\"font-size:10.0pt;font-family:&quot;Courier New&quot;;color:#333333\">;<\/span><span lang=\"EN-US\" style=\"font-size:9.0pt;font-family:&quot;Verdana&quot;,&quot;sans-serif&quot;;\r\ncolor:#333333\"><o:p><\/o:p><\/span><\/p>\r\n<p class=\"p0\" style=\"margin:0cm;margin-bottom:.0001pt;text-align:justify;\r\ntext-justify:inter-ideograph\"><span lang=\"EN-US\" style=\"font-size:10.0pt;\r\nfont-family:&quot;Courier New&quot;;color:#333333\">&nbsp;&nbsp;&nbsp; is.wno = <\/span><span lang=\"EN-US\" style=\"font-size:10.0pt;font-family:\r\n&quot;Courier New&quot;;color:#A31515\">&quot;10990000&quot;<\/span><span lang=\"EN-US\" style=\"font-size:10.0pt;font-family:&quot;Courier New&quot;;color:#333333\">;<\/span><span lang=\"EN-US\" style=\"font-size:9.0pt;font-family:&quot;Verdana&quot;,&quot;sans-serif&quot;;\r\ncolor:#333333\"><o:p><\/o:p><\/span><\/p>\r\n<p class=\"p0\" style=\"margin:0cm;margin-bottom:.0001pt;text-align:justify;\r\ntext-justify:inter-ideograph\"><span lang=\"EN-US\" style=\"font-size:10.0pt;\r\nfont-family:&quot;Courier New&quot;;color:#333333\">&nbsp;&nbsp;&nbsp; cout &lt;&lt; ((Person*)(&amp;is))-&gt;name &lt;&lt; endl;<\/span><span lang=\"EN-US\" style=\"font-size:9.0pt;font-family:&quot;Verdana&quot;,&quot;sans-serif&quot;;\r\ncolor:#333333\"><o:p><\/o:p><\/span><\/p>\r\n<p class=\"p0\" style=\"margin:0cm;margin-bottom:.0001pt;text-align:justify;\r\ntext-justify:inter-ideograph\"><span lang=\"EN-US\" style=\"font-size:10.0pt;\r\nfont-family:&quot;Courier New&quot;;color:#333333\">&nbsp;&nbsp;&nbsp; cout &lt;&lt; ((Person*)(&amp;is))-&gt;sex &lt;&lt; endl;<\/span><span lang=\"EN-US\" style=\"font-size:9.0pt;font-family:&quot;Verdana&quot;,&quot;sans-serif&quot;;\r\ncolor:#333333\"><o:p><\/o:p><\/span><\/p>\r\n<p class=\"p0\" style=\"margin:0cm;margin-bottom:.0001pt;text-align:justify;\r\ntext-justify:inter-ideograph\"><span lang=\"EN-US\" style=\"font-size:10.0pt;\r\nfont-family:&quot;Courier New&quot;;color:#333333\">&nbsp;&nbsp;&nbsp; cout &lt;&lt; ((Student*)(&amp;is))-&gt;sno &lt;&lt; endl;<\/span><span lang=\"EN-US\" style=\"font-size:9.0pt;font-family:&quot;Verdana&quot;,&quot;sans-serif&quot;;\r\ncolor:#333333\"><o:p><\/o:p><\/span><\/p>\r\n<p class=\"p0\" style=\"margin:0cm;margin-bottom:.0001pt;text-align:justify;\r\ntext-justify:inter-ideograph;layout-grid-mode:char\"><span lang=\"EN-US\" style=\"font-size:10.0pt;font-family:&quot;Courier New&quot;;color:#333333\">&nbsp;&nbsp;&nbsp; cout &lt;&lt; ((Worker*)(&amp;is))-&gt;wno &lt;&lt; endl;<\/span><span lang=\"EN-US\" style=\"font-size:9.0pt;font-family:&quot;Verdana&quot;,&quot;sans-serif&quot;;\r\ncolor:#333333\"><o:p><\/o:p><\/span><\/p>\r\n<p class=\"p0\" style=\"margin:0cm;margin-bottom:.0001pt;text-align:justify;\r\ntext-justify:inter-ideograph;layout-grid-mode:char\"><span lang=\"EN-US\" style=\"font-size:10.0pt;font-family:&quot;Courier New&quot;;color:blue\">&nbsp;&nbsp;&nbsp; return<\/span><span lang=\"EN-US\" style=\"font-size:10.0pt;font-family:&quot;Courier New&quot;;color:#333333\"> 0;<\/span><span lang=\"EN-US\" style=\"font-size:9.0pt;font-family:&quot;Verdana&quot;,&quot;sans-serif&quot;;\r\ncolor:#333333\"><o:p><\/o:p><\/span><\/p>\r\n<p class=\"p0\" style=\"margin:0cm;margin-bottom:.0001pt;text-align:justify;\r\ntext-justify:inter-ideograph\"><span lang=\"EN-US\" style=\"font-size:10.0pt;\r\nfont-family:&quot;Courier New&quot;;color:#333333\">}<\/span><span lang=\"EN-US\" style=\"font-size:9.0pt;font-family:&quot;Verdana&quot;,&quot;sans-serif&quot;;color:#333333\"><o:p><\/o:p><\/span><\/p>\r\n<p class=\"p0\" style=\"margin:0cm;margin-bottom:.0001pt;text-align:justify;\r\ntext-justify:inter-ideograph\"><span lang=\"EN-US\" style=\"font-size:10.5pt;\r\ncolor:#333333\">&nbsp;<\/span><\/p>\r\n<p class=\"p0\" style=\"margin:0cm;margin-bottom:.0001pt;text-align:justify;\r\ntext-justify:inter-ideograph\"><span lang=\"EN-US\" style=\"font-size:9.0pt;\r\nfont-family:&quot;Verdana&quot;,&quot;sans-serif&quot;;color:#333333\">Outputs:<o:p><\/o:p><\/span><\/p>\r\n<p class=\"p0\" style=\"margin:0cm;margin-bottom:.0001pt;text-align:justify;\r\ntext-justify:inter-ideograph\"><span lang=\"EN-US\" style=\"font-size:9.0pt;\r\nfont-family:&quot;Verdana&quot;,&quot;sans-serif&quot;;color:#333333\">&nbsp;<\/span><\/p>\r\n<p class=\"p0\" style=\"margin:0cm;margin-bottom:.0001pt;text-align:justify;\r\ntext-justify:inter-ideograph\"><span lang=\"EN-US\" style=\"font-size:10.5pt;\r\ncolor:#333333\">Construct Person<\/span><span lang=\"EN-US\" style=\"font-size:9.0pt;\r\nfont-family:&quot;Verdana&quot;,&quot;sans-serif&quot;;color:#333333\"><o:p><\/o:p><\/span><\/p>\r\n<p class=\"p0\" style=\"margin:0cm;margin-bottom:.0001pt;text-align:justify;\r\ntext-justify:inter-ideograph\"><span lang=\"EN-US\" style=\"font-size:10.5pt;\r\ncolor:#333333\">Construct Student<\/span><span lang=\"EN-US\" style=\"font-size:9.0pt;\r\nfont-family:&quot;Verdana&quot;,&quot;sans-serif&quot;;color:#333333\"><o:p><\/o:p><\/span><\/p>\r\n<p class=\"p0\" style=\"margin:0cm;margin-bottom:.0001pt;text-align:justify;\r\ntext-justify:inter-ideograph\"><span lang=\"EN-US\" style=\"font-size:10.5pt;\r\ncolor:#333333\">Construct Worker<\/span><span lang=\"EN-US\" style=\"font-size:9.0pt;\r\nfont-family:&quot;Verdana&quot;,&quot;sans-serif&quot;;color:#333333\"><o:p><\/o:p><\/span><\/p>\r\n<p class=\"p0\" style=\"margin:0cm;margin-bottom:.0001pt;text-align:justify;\r\ntext-justify:inter-ideograph\"><span lang=\"EN-US\" style=\"font-size:10.5pt;\r\ncolor:#333333\">Construct InService<\/span><span lang=\"EN-US\" style=\"font-size:\r\n9.0pt;font-family:&quot;Verdana&quot;,&quot;sans-serif&quot;;color:#333333\"><o:p><\/o:p><\/span><\/p>\r\n<p class=\"p0\" style=\"margin:0cm;margin-bottom:.0001pt;text-align:justify;\r\ntext-justify:inter-ideograph\"><span lang=\"EN-US\" style=\"font-size:10.5pt;\r\ncolor:#333333\">name<\/span><span lang=\"EN-US\" style=\"font-size:9.0pt;font-family:\r\n&quot;Verdana&quot;,&quot;sans-serif&quot;;color:#333333\"><o:p><\/o:p><\/span><\/p>\r\n<p class=\"p0\" style=\"margin:0cm;margin-bottom:.0001pt;text-align:justify;\r\ntext-justify:inter-ideograph\"><span lang=\"EN-US\" style=\"font-size:10.5pt;\r\ncolor:#333333\">0<\/span><span lang=\"EN-US\" style=\"font-size:9.0pt;font-family:\r\n&quot;Verdana&quot;,&quot;sans-serif&quot;;color:#333333\"><o:p><\/o:p><\/span><\/p>\r\n<p class=\"p0\" style=\"margin:0cm;margin-bottom:.0001pt;text-align:justify;\r\ntext-justify:inter-ideograph\"><span lang=\"EN-US\" style=\"font-size:10.5pt;\r\ncolor:#333333\">10390000<\/span><span lang=\"EN-US\" style=\"font-size:9.0pt;\r\nfont-family:&quot;Verdana&quot;,&quot;sans-serif&quot;;color:#333333\"><o:p><\/o:p><\/span><\/p>\r\n<p class=\"p0\" style=\"margin:0cm;margin-bottom:.0001pt;text-align:justify;\r\ntext-justify:inter-ideograph\"><span lang=\"EN-US\" style=\"font-size:10.5pt;\r\ncolor:#333333\">10990000<\/span><span lang=\"EN-US\" style=\"font-size:9.0pt;\r\nfont-family:&quot;Verdana&quot;,&quot;sans-serif&quot;;color:#333333\"><o:p><\/o:p><\/span><\/p>\r\n<p class=\"p0\" style=\"margin:0cm;margin-bottom:.0001pt;text-align:justify;\r\ntext-justify:inter-ideograph\"><span lang=\"EN-US\" style=\"font-size:10.5pt;\r\ncolor:#333333\">Destruct InService<\/span><span lang=\"EN-US\" style=\"font-size:9.0pt;\r\nfont-family:&quot;Verdana&quot;,&quot;sans-serif&quot;;color:#333333\"><o:p><\/o:p><\/span><\/p>\r\n<p class=\"p0\" style=\"margin:0cm;margin-bottom:.0001pt;text-align:justify;\r\ntext-justify:inter-ideograph\"><span lang=\"EN-US\" style=\"font-size:10.5pt;\r\ncolor:#333333\">Destruct Worker<\/span><span lang=\"EN-US\" style=\"font-size:9.0pt;\r\nfont-family:&quot;Verdana&quot;,&quot;sans-serif&quot;;color:#333333\"><o:p><\/o:p><\/span><\/p>\r\n<p class=\"p0\" style=\"margin:0cm;margin-bottom:.0001pt;text-align:justify;\r\ntext-justify:inter-ideograph\"><span lang=\"EN-US\" style=\"font-size:10.5pt;\r\ncolor:#333333\">Destruct Student<\/span><span lang=\"EN-US\" style=\"font-size:9.0pt;\r\nfont-family:&quot;Verdana&quot;,&quot;sans-serif&quot;;color:#333333\"><o:p><\/o:p><\/span><\/p>\r\n<p class=\"p0\" style=\"margin:0cm;margin-bottom:.0001pt;text-align:justify;\r\ntext-justify:inter-ideograph\"><span lang=\"EN-US\" style=\"font-size:10.5pt;\r\ncolor:#333333\">Destruct Person<\/span><span lang=\"EN-US\" style=\"font-size:9.0pt;\r\nfont-family:&quot;Verdana&quot;,&quot;sans-serif&quot;;color:#333333\"><o:p><\/o:p><\/span><\/p>\r\n<p class=\"MsoNormal\"><span lang=\"EN-US\">&nbsp;<\/span><\/p>","input":"","output":"","sample_input":"","sample_output":"","accepted":"0","submissions":"0","special_judge":"0","has_framework":"1","author":"","hint":"","avail":"1","cid":"2311","rate_tot":"0","rate_count":"0","dataversion":"0","stdsid":"0"}