{"pid":"18422","title":"\u53ef\u6392\u5e8f\u6570\u7ec4","time_limit":"1","memory_limit":"262144","description":"<p>\u53ef\u6392\u5e8f\u6570\u7ec4 SortableArray\u5b9a\u4e49\u5982\u4e0b\uff1a<\/p>\r\n<p>1. \u53ef\u901a\u8fc7\u6210\u5458\u51fd\u6570pushBack\u63d2\u5165\u4e00\u4e2a\u5143\u7d20<\/p>\r\n<p>2.\u53ef\u901a\u8fc7\u6210\u5458\u51fd\u6570sort\u5bf9\u6570\u7ec4\u8fdb\u884c\u5347\u5e8f\u6392\u5e8f<\/p>\r\n<p>3.\u53ef\u901a\u8fc7\u6210\u5458\u51fdprintArray\u6570\u8f93\u51fa\u6570\u7ec4<\/p>\r\n<p>4.\u53ef\u6392\u5e8f\u6570\u7ec4SortableArray\u662f\u4e00\u4e2a\u6a21\u677f\u7c7b<\/p>\r\n<p>5.SortableArray\u7684\u5b9e\u4f8b\uff1aSortableArray&lt;int&gt; array( maxArraySize ) ;<\/p>\r\n<p>\uff08\u8bf7\u5b9e\u73b0SortableArray\uff0c\u6ce8\u610f\u5728\u63d0\u4ea4\u7684\u4ee3\u7801\u4e2d\u8bf7\u4e0d\u8981\u5305\u542b main()\u51fd\u6570 \uff09<\/p>","input":"<p>\u6d4b\u8bd5\u6846\u67b6\u5982\u4e0b\uff1a<\/p>\r\n<p>int maxSize = 10 ;<\/p>\r\n<p>SortableArray&lt; int &gt; arr( maxSize ) ;<\/p>\r\n<p>arr.pushBack( 45 )&nbsp;;<\/p>\r\n<p>arr.pushBack( 32 )&nbsp;;<\/p>\r\n<p>arr.pushBack( 41 )&nbsp;;<\/p>\r\n<p>arr.printArray()&nbsp;;<\/p>\r\n<p>arr.sort() ;<\/p>\r\n<p>arr.printfArray() ;<\/p>","output":"<p>45 32 41<\/p>\r\n<p>32 41 45<\/p>","sample_input":"","sample_output":"","accepted":"62","submissions":"188","special_judge":"0","has_framework":"1","author":"","hint":"","avail":"1","cid":"2348","rate_tot":"0","rate_count":"0","dataversion":"0","stdsid":"0"}