{"pid":"18056","title":"Rectangle","time_limit":"1","memory_limit":"262144","description":"<p>1\u3001\u5b9a\u4e49\u57fa\u7c7b Point\uff0c\u4f7f\u5176\u80fd\u591f\u521d\u59cb\u5316\u5750\u6807\uff08x\uff0cy\uff09\uff0c\u79fb\u52a8\u5750\u6807\uff0c\u8fd4\u56de\u5750\u6807<\/p>\r\n<p>2\u3001\u5b9a\u4e49\u6d3e\u751f\u7c7b Rectangle\uff0c\u6709\u6210\u5458\u53d8\u91cf width\u3001high\uff1b\u5e76\u4e14\u6709\u6210\u5458\u51fd\u6570\uff0c\u4f7f\u5176\u80fd\u591f\u8fd4\u56de\u77e9\u5f62\u76f8\u5173\u5c5e\u6027\uff1a\u5bbd\u3001\u9ad8\u3001\u9762\u79ef<\/p>\r\n<p>\u57fa\u7c7b\uff1a<\/p>\r\n<div>class Point<\/div>\r\n<div>{ &nbsp;<\/div>\r\n<div>&nbsp; &nbsp; int x,y;<\/div>\r\n<div>public:<\/div>\r\n<div>&nbsp; &nbsp; Point(int x,int y);<\/div>\r\n<div>&nbsp; &nbsp; void Move(int x,int y);<\/div>\r\n<div>&nbsp; &nbsp; int Getx();<\/div>\r\n<div>&nbsp; &nbsp; int Gety();<\/div>\r\n<div>};<\/div>\r\n<p>\u4e3b\u51fd\u6570\uff1a<\/p>\r\n<p>cin&gt;&gt;x&gt;&gt;y;<br \/>\r\n&nbsp;&nbsp; &nbsp;&nbsp;&nbsp; &nbsp;cin&gt;&gt;length&gt;&gt;width;<br \/>\r\n&nbsp;&nbsp; &nbsp;&nbsp;&nbsp; &nbsp;Rectangle R(x,y,length,width);<br \/>\r\n&nbsp;&nbsp; &nbsp;&nbsp;&nbsp; &nbsp;cin&gt;&gt;xmove&gt;&gt;ymove;<br \/>\r\n&nbsp;&nbsp; &nbsp;&nbsp;&nbsp; &nbsp;R.Move(xmove,ymove);<br \/>\r\n&nbsp;&nbsp; &nbsp;&nbsp;&nbsp; &nbsp;cout &lt;&lt;R.Getx()&lt;&lt;&quot; &quot;&lt;&lt;R.Gety()&lt;&lt;&quot; &quot;<br \/>\r\n&nbsp;&nbsp; &nbsp;&nbsp;&nbsp; &nbsp;&nbsp;&nbsp; &nbsp; &lt;&lt;R.Getlength()&lt;&lt;&quot; &quot;&lt;&lt;R.Getwidth()<br \/>\r\n&nbsp;&nbsp; &nbsp;&nbsp;&nbsp; &nbsp; &nbsp;&nbsp; &nbsp; &lt;&lt;&quot; &quot;&lt;&lt;R.Getarea()&lt;&lt;endl;<\/p>","input":"<p>\u7b2c\u4e00\u884c\u8f93\u5165n\uff0c\u4ee3\u8868n\u7ec4\u6d4b\u8bd5\u4f8b\u5b50<\/p>\r\n<p>\u7b2c\u4e8c\u884c\u8f93\u5165x\uff0cy \uff0c\u8868\u793a\u5750\u6807\u539f\u70b9A\uff08x,y\uff09<\/p>\r\n<p>\u7b2c\u4e09\u884c\u8f93\u5165length\uff0cwidth\uff0c\u8868\u793a\u77e9\u5f62\u957f\u3001\u5bbd<\/p>\r\n<p>\u7b2c\u56db\u884c\u8f93\u5165xmove\uff0cymove\uff0c\u8868\u793a\u539f\u70b9A\u5728\u6a2a\u7eb5\u5750\u6807\u79fb\u52a8\u7684\u8ddd\u79bb\u3002<\/p>","output":"<p>\u6bcf\u7ec4\u6570\u636e\uff0c\u8f93\u51fa\u4e00\u884c\uff0c\u5206\u522b\u662f\uff1a\u79fb\u52a8\u540e\u7684\u6a2a\u5750\u6807\u3001\u7eb5\u5750\u6807\uff1b\u77e9\u5f62\u957f\u3001\u5bbd\uff1b\u9762\u79ef\u3002<\/p>","sample_input":"1\r\n0 0\r\n8 4\r\n10 12\r\n\r\n","sample_output":"10 12 8 4 32\r\n\r\n","accepted":"73","submissions":"190","special_judge":"0","has_framework":"1","author":"Lab 8 Inheritance-2","hint":"<p>you \ufeffonly&nbsp;need &nbsp;to submit the class Point and Rectangle.<\/p>\r\n<p>\u65b9\u6cd5\u540d\u9996\u5b57\u6bcd\u5927\u5199,\u5176\u4f59\u5b57\u6bcd\u5c0f\u5199<\/p>","avail":"1","cid":"2284","rate_tot":"0","rate_count":"0","dataversion":"0","stdsid":"0"}