{"pid":"18365","title":"Seperate by *","time_limit":"1","memory_limit":"262144","description":"<p>I want to seperate my input data by *. and then output each item .<\/p>\r\n<p>&nbsp;<\/p>","input":"<p>First Line is an integer N to specify the number of item i will seperate.<\/p>\r\n<p>then is the input data containing at least N *.<\/p>","output":"<p>output the first N items<\/p>","sample_input":"3\r\ntesttest* testtesttest \r\ntest*\r\ntest test*\r\n","sample_output":"testtest\r\n testtesttest \r\ntest\r\n\r\ntest test\r\n","accepted":"49","submissions":"347","special_judge":"0","has_framework":"0","author":"Lab 9 polymorphic and I\/O","hint":"<p>&nbsp;<\/p>\r\n<p>item may include space or return<\/p>","avail":"1","cid":"2339","rate_tot":"0","rate_count":"0","dataversion":"0","stdsid":"0"}