{"pid":"17855","title":"String Reduction","time_limit":"1","memory_limit":"262144","description":"<p>Lisa loves playing string reduction games: <br \/>\r\nGiven three strings s1, s2 and s3, one needs to replace all substring s2 in the string s1 with s3 repeatedly, until no s3 in found in the resulting string.<\/p>","input":"<p>The first line is an integer t, indicating the number of test cases.<br \/>\r\nThen follow t lines. The i-th line contains three strings s1, s2 and s3. Each string consisting of only lowercase letters, with no spaces between letters. Each string will contain no more than 300 letters.<\/p>","output":"<p>For each test case, print the final string in a single line.<\/p>","sample_input":"3\r\nabc abc a\r\nabcbcxabc abc a\r\nabc ab a\r\n","sample_output":"a\r\naxa\r\nac\r\n","accepted":"40","submissions":"105","special_judge":"0","has_framework":"0","author":"\u7a0b\u5e8f\u8bbe\u8ba1II Chapter 9 Objects and Class ","hint":"","avail":"1","cid":"2251","rate_tot":"0","rate_count":"0","dataversion":"0","stdsid":"0"}