{"pid":"18329","title":"Search a value","time_limit":"1","memory_limit":"262144","description":"<div>&nbsp;<\/div>\r\n<div style=\"text-indent: 21pt\"><font size=\"3\">Write a&nbsp;generic function&nbsp;<span style=\"color: #0000ff\">int find_lower_bound(T seq[], int n, const T&amp; value)<\/span>.&nbsp;The function&nbsp;returns the index of the largest element in the given sequence that is less than the given value. If multiple elements satisfy, return the one with smallest index. Return -1 if no such element exists.&nbsp;<\/font>&nbsp;<\/div>\r\n<div style=\"text-indent: 21pt\"><font size=\"3\">Your submitted source code should include the implementation of the <span style=\"color: #0000ff\">find_lower_bound<\/span> function template.<\/font><\/div>\r\n<div style=\"text-indent: 21pt\"><font size=\"3\">No main() function should be included.<\/font><\/div>\r\n<p>&nbsp;<\/p>","input":"","output":"","sample_input":"","sample_output":"","accepted":"5","submissions":"15","special_judge":"0","has_framework":"1","author":"","hint":"","avail":"1","cid":"2331","rate_tot":"0","rate_count":"0","dataversion":"0","stdsid":"0"}