{"pid":"18214","title":"Destructor","time_limit":"1","memory_limit":"262144","description":"<p>&nbsp;<span style=\"color: rgb(51, 51, 51); font-family: Arial; font-size: 16px; line-height: 20px;\">\u4e0b\u9762\u662f\u4e0d\u5b8c\u6574\u7684\u7ee7\u627f\u7c7b\u5b9a\u4e49:<\/span><\/p>\r\n<div><span style=\"color: rgb(51, 51, 51); font-family: Arial; font-size: 16px; line-height: 20px;\">class A<\/span><\/div>\r\n<div><span style=\"color: rgb(51, 51, 51); font-family: Arial; font-size: 16px; line-height: 20px;\">{<\/span><\/div>\r\n<div>public:<\/div>\r\n<div>\r\n<div><span class=\"Apple-tab-span\" style=\"white-space:pre\">\t<\/span>virtual void Prin()<\/div>\r\n<div><span class=\"Apple-tab-span\" style=\"white-space:pre\">\t<\/span>{<\/div>\r\n<div><span class=\"Apple-tab-span\" style=\"white-space:pre\">\t\t<\/span>cout&lt;&lt;&quot;Prin come form class A&quot;&lt;&lt;endl;<\/div>\r\n<div><span class=\"Apple-tab-span\" style=\"white-space:pre\">\t<\/span>}<\/div>\r\n<\/div>\r\n<div><span style=\"color: rgb(51, 51, 51); font-family: Arial; font-size: 16px; line-height: 20px;\">};<\/span><\/div>\r\n<div><span style=\"color: rgb(51, 51, 51); font-family: Arial; font-size: 16px; line-height: 20px;\">class B<\/span><\/div>\r\n<div><span style=\"color: rgb(51, 51, 51); font-family: Arial; font-size: 16px; line-height: 20px;\">{<\/span><\/div>\r\n<div><span style=\"color: rgb(51, 51, 51); font-family: Arial; font-size: 16px; line-height: 20px;\">&nbsp; &nbsp;char *buf;<\/span><\/div>\r\n<div>public:<\/div>\r\n<div>&nbsp; &nbsp;&nbsp;<span class=\"Apple-tab-span\" style=\"white-space: pre;\">\t<\/span>void Prin()<\/div>\r\n<div><span class=\"Apple-tab-span\" style=\"white-space:pre\">\t<\/span>{<\/div>\r\n<div><span class=\"Apple-tab-span\" style=\"white-space:pre\">\t\t<\/span>cout&lt;&lt;&quot;Prin come from class B&quot;&lt;&lt;endl;<\/div>\r\n<div><span class=\"Apple-tab-span\" style=\"white-space:pre\">\t<\/span>}<\/div>\r\n<div><span style=\"color: rgb(51, 51, 51); font-family: Arial; font-size: 16px; line-height: 20px;\">};<\/span><\/div>\r\n<div>\r\n<div style=\"color: rgb(51, 51, 51); font-family: Arial; line-height: 20px;\">&nbsp;<\/div>\r\n<\/div>\r\n<div><span style=\"color: rgb(51, 51, 51); font-family: Arial; font-size: 16px; line-height: 20px;\">\u8bd5\u5b8c\u6210\u5176\u5b9a\u4e49(\u4f60\u53ef\u4ee5\u6839\u636e\u9700\u8981\u589e\u52a0\u5fc5\u8981\u7684\u6784\u9020\u51fd\u6570\u3001\u6790\u6784\u51fd\u6570 ),\u4f7f\u5f97\u4e3b\u51fd\u6570main\u8fd0\u884c\u540e\u80fd\u5f97\u5230\u5176\u540e\u7ed3\u679c\uff1a<\/span><\/div>\r\n<div>\r\n<div style=\"color: rgb(51, 51, 51); font-family: Arial; line-height: 20px;\">void fun(A *a)<\/div>\r\n<div style=\"color: rgb(51, 51, 51); font-family: Arial; line-height: 20px;\">{<\/div>\r\n<div style=\"color: rgb(51, 51, 51); font-family: Arial; line-height: 20px;\"><span class=\"Apple-tab-span\" style=\"white-space: pre;\">\t<\/span>delete a;<\/div>\r\n<div style=\"color: rgb(51, 51, 51); font-family: Arial; line-height: 20px;\">}<\/div>\r\n<\/div>\r\n<div><font face=\"Arial\" color=\"#333333\">\r\n<div style=\"line-height: 20px;\">\r\n<div>int main()<\/div>\r\n<div>{<\/div>\r\n<div><span class=\"Apple-tab-span\" style=\"white-space:pre\">\t<\/span>A *a = new B(10);<\/div>\r\n<div><span class=\"Apple-tab-span\" style=\"white-space:pre\">\t<\/span>a-&gt;Prin();<\/div>\r\n<div><span class=\"Apple-tab-span\" style=\"white-space:pre\">\t<\/span>fun(a);<\/div>\r\n<div><span class=\"Apple-tab-span\" style=\"white-space:pre\">\t<\/span>B *b = &nbsp;new B(20);<\/div>\r\n<div><span class=\"Apple-tab-span\" style=\"white-space:pre\">\t<\/span>fun(b);<\/div>\r\n<div><span class=\"Apple-tab-span\" style=\"white-space:pre\">\t<\/span>return 0;<\/div>\r\n<div>}<\/div>\r\n<\/div>\r\n<div style=\"line-height: 20px;\">\u8fd0\u884c\u7ed3\u679c\uff1a<\/div>\r\n<div>&nbsp;<\/div>\r\n<\/font>Prin come from class B<\/div>\r\n<div>B::~B()called<\/div>\r\n<div>A::~A()called<\/div>\r\n<div>B::~B()called<\/div>\r\n<div>A::~A()called<\/div>\r\n<div><font face=\"Arial\" color=\"#333333\">\r\n<div>&nbsp;<\/div>\r\n<div>&nbsp;<\/div>\r\n<div><span style=\"line-height: 20px;\"><br \/>\r\n<\/span><\/div>\r\n<\/font><\/div>","input":"<p>&nbsp;none<\/p>","output":"<p>&nbsp;none<\/p>","sample_input":"","sample_output":"","accepted":"59","submissions":"113","special_judge":"0","has_framework":"0","author":"Lab 8 Inheritance-2","hint":"<p>virtual destructor!<\/p>\r\n<p>only need to submit class A, B and main()<\/p>","avail":"1","cid":"2310","rate_tot":"0","rate_count":"0","dataversion":"0","stdsid":"0"}