{"pid":"18003","title":"Rabbit","time_limit":"1","memory_limit":"32768","description":"<p class=\"MsoNormal\" style=\"MARGIN: 0cm 0cm 0pt; TEXT-INDENT: 21pt\"><span lang=\"EN-US\" style=\"FONT-FAMILY: Arial; mso-bidi-font-size: 10.5pt\"><font size=\"3\">The rabbits have powerful reproduction ability. One pair of adult rabbits can give birth to one pair of kid rabbits every month. And after m months, the kid rabbits can become adult rabbits. <\/font><\/span><\/p>\r\n<span lang=\"EN-US\" style=\"FONT-SIZE: 10.5pt; FONT-FAMILY: Arial; mso-fareast-font-family: ????; mso-font-kerning: 1.0pt; mso-ansi-language: EN-US; mso-fareast-language: ZH-CN; mso-bidi-language: AR-SA\"><span style=\"mso-spacerun: yes\">&nbsp; <\/span><span style=\"mso-spacerun: yes\">&nbsp;&nbsp;<\/span>As we all know, when m=2, the sequence of the number of pairs of rabbits in each month is called Fibonacci sequence. But when m&lt;&gt;2, the problem seems not so simple. You job is to calculate after d months, how many pairs of the rabbits are there if there is exactly one pair of adult rabbits initially. You may assume that none of the rabbits dies in this period.<\/span>","input":"<span lang=\"EN-US\" style=\"FONT-SIZE: 10.5pt; FONT-FAMILY: Arial; mso-fareast-font-family: ????; mso-font-kerning: 1.0pt; mso-ansi-language: EN-US; mso-fareast-language: ZH-CN; mso-bidi-language: AR-SA\">The input may have multiple test cases. In each test case, there is one line having two integers m(1&lt;=m&lt;=10), d(1&lt;=d&lt;=100), m is the number of months after which kid rabbits can become adult rabbits, and d is the number of months after which you should calculate the number of pairs of rabbits. The input will be terminated by m=d=0.<\/span>","output":"<span lang=\"EN-US\" style=\"FONT-SIZE: 10.5pt; FONT-FAMILY: Arial; mso-fareast-font-family: ????; mso-font-kerning: 1.0pt; mso-ansi-language: EN-US; mso-fareast-language: ZH-CN; mso-bidi-language: AR-SA\">You must print the number of pairs of rabbits after d months, one integer per line.<\/span>","sample_input":"2 3\r\n3 5\r\n1 100\r\n0 0\r\n","sample_output":"5\r\n9\r\n1267650600228229401496703205376","accepted":"42","submissions":"131","special_judge":"0","has_framework":"0","author":"ZSUACM Team Member","hint":"","avail":"1","cid":"2275","rate_tot":"0","rate_count":"0","dataversion":"0","stdsid":"0"}