{"pid":"17856","title":"String Reversion","time_limit":"1","memory_limit":"262144","description":"<p>Given a valid identifier in C++ programs, please write a program to reverse it by respectively reversing each part separated by &lsquo;_&rsquo;.<\/p>","input":"<p>The first line is an integer t, indicating the number of test cases.<br \/>\r\nThen there are t lines and each line contains a string. A string will contain no more than 100 characters and there is one or more &lsquo;_&rsquo;.<\/p>","output":"<p>For each test case, print out the string with each part reversed.<\/p>","sample_input":"3\r\nnt_45\r\n_me_\r\nabc_123_456","sample_output":"tn_54\r\n_em_\r\ncba_321_654\r\n\r\n","accepted":"42","submissions":"81","special_judge":"0","has_framework":"0","author":"","hint":"","avail":"1","cid":"2251","rate_tot":"0","rate_count":"0","dataversion":"0","stdsid":"0"}