{"pid":"17886","title":"The Date class (version 1)","time_limit":"1","memory_limit":"262144","description":"<pre>\r\nImplement the operator &lt;, &lt;=, ==, !=, &gt;, &gt;= with the class Date\r\nclass Date\r\n{\r\npublic:\r\n  Date(int y=0, int m=1, int d=1);  \r\n  static bool leapyear(int year);\r\n  int getYear() const;\r\n  int getMonth() const;\r\n  int getDay() const;\r\n\r\n  \/\/ add any member you need here  \r\n};\r\n\r\nYou implementation should enable the usage like this:\r\nvoid f()\r\n{\r\n  Date date1, date2(2003,1,1);\r\n  Date date3 = Date(2007,2,28);\r\n  date3 = date1;\r\n\r\n  cout &lt;&lt; &quot;year 1996 is leap year? &quot; &lt;&lt; Date::leapyear(1996) &lt;&lt; endl;\r\n  cout &lt;&lt; &quot;year 1200 is leap year? &quot; &lt;&lt; Date::leapyear(1200) &lt;&lt; endl;\r\n  cout &lt;&lt; &quot;year 1300 is leap year? &quot; &lt;&lt; Date::leapyear(1300) &lt;&lt; endl;\r\n  cout &lt;&lt; &quot;year 1999 is leap year? &quot; &lt;&lt; Date::leapyear(1999) &lt;&lt; endl;\r\n\r\n  cout &lt;&lt;  &quot;(date1==date3)? &quot; &lt;&lt; (date1==date3) &lt;&lt; endl;\r\n  cout &lt;&lt;  &quot;(date1!=date3)? &quot; &lt;&lt; (date1!=date3) &lt;&lt; endl;\r\n  cout &lt;&lt;  &quot;(date1==date2)? &quot; &lt;&lt; (date1==date2) &lt;&lt; endl;\r\n  cout &lt;&lt;  &quot;(date1!=date2)? &quot; &lt;&lt; (date1!=date2) &lt;&lt; endl;\r\n\r\n  cout &lt;&lt;  &quot;(date1&lt;date1)? &quot; &lt;&lt; (date1&lt;date1) &lt;&lt; endl;\r\n  cout &lt;&lt;  &quot;(date1&lt;=date1)? &quot; &lt;&lt; (date1&lt;=date1) &lt;&lt; endl;\r\n  cout &lt;&lt;  &quot;(date1&lt;date2)? &quot; &lt;&lt; (date1&lt;date2) &lt;&lt; endl;\r\n  cout &lt;&lt;  &quot;(date1&lt;=date2)? &quot; &lt;&lt; (date1&lt;=date2) &lt;&lt; endl;\r\n \r\n  cout &lt;&lt;  &quot;(date1&gt;date1)? &quot; &lt;&lt; (date1&gt;date1) &lt;&lt; endl;\r\n  cout &lt;&lt;  &quot;(date1&gt;=date1)? &quot; &lt;&lt; (date1&gt;=date1) &lt;&lt; endl;\r\n  cout &lt;&lt;  &quot;(date1&gt;date2)? &quot; &lt;&lt; (date1&gt;date2) &lt;&lt; endl;\r\n  cout &lt;&lt;  &quot;(date1&gt;=date2)? &quot; &lt;&lt; (date1&gt;=date2) &lt;&lt; endl;\r\n}\r\nThe output of f() should be:\r\nyear 1996 is leap year? 1\r\nyear 1200 is leap year? 1\r\nyear 1300 is leap year? 0\r\nyear 1999 is leap year? 0\r\n(date1==date3)? 1\r\n(date1!=date3)? 0\r\n(date1==date2)? 0\r\n(date1!=date2)? 1\r\n(date1&lt;date1)? 0\r\n(date1&lt;=date1)? 1\r\n(date1&lt;date2)? 1\r\n(date1&lt;=date2)? 1\r\n(date1&gt;date1)? 0\r\n(date1&gt;=date1)? 1\r\n(date1&gt;date2)? 0\r\n(date1&gt;=date2)? 0<\/pre>","input":"","output":"","sample_input":"","sample_output":"","accepted":"0","submissions":"0","special_judge":"0","has_framework":"1","author":"","hint":"","avail":"1","cid":"2256","rate_tot":"0","rate_count":"0","dataversion":"0","stdsid":"0"}