{"pid":"18226","title":"Area and Perim","time_limit":"1","memory_limit":"262144","description":"<p style=\"text-align: left;\">\u58f0\u660e\u4e00\u4e2aShape\u62bd\u8c61\u7c7b\uff0c\u5728\u6b64\u57fa\u7840\u4e0a\u6d3e\u751f\u51faRectangle\u7c7b\u548cCircle\u7c7b\uff0c\u4e24\u8005\u90fd\u6709GetArea\uff08\uff09\u548cGetPerim\uff08\uff09\u51fd\u6570\uff0c\u7528\u6765\u8ba1\u7b97\u9762\u79ef\u548c<\/p>\r\n<p style=\"text-align: left;\">\u5468\u957f\uff0c\u9ebb\u70e6\u5c01\u88c5\u4ee5\u4e0a\u5404\u7c7b\uff0c\u7f16\u5199\u7a0b\u5e8f\u3002\u9700\u8981\u63d0\u4ea4\u7c7bshape\u3001Rectangle\u3001Cricle\u7c7b<\/p>\r\n<p style=\"text-align: left;\">\u4e3b\u51fd\u6570\uff1a<\/p>\r\n<p style=\"text-align: left;\">int main ()<\/p>\r\n<p>{<\/p>\r\n<p><span class=\"Apple-tab-span\" style=\"white-space:pre\">\t<\/span>double n,a,b,c;<\/p>\r\n<p><span class=\"Apple-tab-span\" style=\"white-space:pre\">\t<\/span>cin&gt;&gt;n;<\/p>\r\n<p><span class=\"Apple-tab-span\" style=\"white-space:pre\">\t<\/span>for(int i=0;i&lt;n;i++)<\/p>\r\n<p><span class=\"Apple-tab-span\" style=\"white-space:pre\">\t<\/span>{<\/p>\r\n<p><span class=\"Apple-tab-span\" style=\"white-space:pre\">\t\t<\/span>Shape *s;<\/p>\r\n<p><span class=\"Apple-tab-span\" style=\"white-space:pre\">\t\t<\/span>cin&gt;&gt;a&gt;&gt;b&gt;&gt;c;<\/p>\r\n<p><span class=\"Apple-tab-span\" style=\"white-space:pre\">\t\t<\/span>s = new Rectangle(a,b);<\/p>\r\n<p><span class=\"Apple-tab-span\" style=\"white-space:pre\">\t\t<\/span>cout&lt;&lt;s-&gt;GetArea()&lt;&lt;&quot; &quot;&lt;&lt;s-&gt;GetPerim()&lt;&lt;endl;<\/p>\r\n<p><span class=\"Apple-tab-span\" style=\"white-space:pre\">\t\t<\/span>delete s;<\/p>\r\n<p><span class=\"Apple-tab-span\" style=\"white-space:pre\">\t\t<\/span>s = new Circle(c);<\/p>\r\n<p><span class=\"Apple-tab-span\" style=\"white-space:pre\">\t\t<\/span>cout&lt;&lt;s-&gt;GetArea()&lt;&lt;&quot; &quot;&lt;&lt;s-&gt;GetPerim()&lt;&lt;endl;<\/p>\r\n<p>&nbsp; &nbsp; &nbsp; &nbsp; &nbsp; &nbsp; &nbsp; &nbsp; delete s;<\/p>\r\n<p><span class=\"Apple-tab-span\" style=\"white-space:pre\">\t<\/span>}<\/p>\r\n<p><span class=\"Apple-tab-span\" style=\"white-space:pre\">\t<\/span>return 0;<\/p>\r\n<p>}<\/p>\r\n<p style=\"text-align: left;\">&nbsp;<\/p>","input":"<p>\u7b2c\u4e00\u884c\u8f93\u5165n\uff0c\u8868\u793an\u4e2a\u6d4b\u8bd5\u4f8b\u5b50\uff1b\u63a5\u4e0b\u6765\u6709n\u884c\uff0c\u6bcf\u4e00\u884c\u8f93\u5165\u6570\uff0ca\u3001b\u3001c\uff0c\u8868\u793a\u77e9\u5f62\u7684\u5bbd\u3001\u957f\uff0c\u4ee5\u53ca\u5706\u5f62\u7684\u534a\u5f84<\/p>","output":"<p>&nbsp;\u5bf9\u5e94\u6bcf\u4e00\u884c\u8f93\u5165\uff1a<\/p>\r\n<p>\u7b2c\u4e00\u884c\u8f93\u51fa\u77e9\u5f62\u7684\u9762\u79ef\u3001\u5468\u957f<\/p>\r\n<p>\u7b2c\u4e8c\u884c\u8f93\u51fa\u5706\u5f62\u7684\u9762\u79ef\u3001\u5468\u957f<\/p>","sample_input":"1\r\n2 2 3\r\n\r\n","sample_output":"4 8\r\n28.26 18.84\r\n\r\n","accepted":"0","submissions":"0","special_judge":"0","has_framework":"1","author":"Lab 8 Inheritance  and polymorphic","hint":"<p>&nbsp;const double PI = 3.14\uff1b (Already defined)<\/p>","avail":"1","cid":"2311","rate_tot":"0","rate_count":"0","dataversion":"0","stdsid":"0"}