{"pid":"18327","title":"typename! typename!","time_limit":"1","memory_limit":"262144","description":"<p>Given the following two classes TypeA, and TypeB: <br \/>\r\nclass TypeA<br \/>\r\n{<br \/>\r\npublic:<br \/>\r\n&nbsp; class SubType<br \/>\r\n&nbsp; {<br \/>\r\n&nbsp; public:<br \/>\r\n&nbsp;&nbsp;&nbsp; string toString() {return &quot;subType in TypeA&quot;;};<br \/>\r\n&nbsp; };<br \/>\r\n};<br \/>\r\n<br \/>\r\nclass TypeB<br \/>\r\n{<br \/>\r\npublic:<br \/>\r\n&nbsp; class SubType<br \/>\r\n&nbsp; {<br \/>\r\n&nbsp; public:<br \/>\r\n&nbsp;&nbsp;&nbsp; string toString() {return &quot;subType in TypeB&quot;;};<br \/>\r\n&nbsp; };<br \/>\r\n};<br \/>\r\n<br \/>\r\nWrite a template class MyClass that has a public variable named <strong>subtypeobj<\/strong> with type <strong>T::SubType<\/strong>.<br \/>\r\ntemplate &lt;class T&gt;<br \/>\r\nclass MyClass<br \/>\r\n{<br \/>\r\npublic:<br \/>\r\n\/\/add your public member here<br \/>\r\n}<br \/>\r\n<br \/>\r\n&nbsp; The following codes:<br \/>\r\nMyClass&lt;TypeA&gt; obj1;<br \/>\r\ncout &lt;&lt; obj1.subtypeobj.toString() &lt;&lt; endl;<br \/>\r\nMyClass&lt;TypeB&gt; obj2;<br \/>\r\ncout &lt;&lt; obj2.subtypeobj.toString() &lt;&lt; endl;<br \/>\r\n<br \/>\r\n&nbsp; output:<br \/>\r\nsubType in TypeA<br \/>\r\nsubType in TypeB<br \/>\r\n&nbsp;<\/p>","input":"","output":"","sample_input":"","sample_output":"","accepted":"6","submissions":"11","special_judge":"0","has_framework":"1","author":"","hint":"","avail":"1","cid":"2331","rate_tot":"0","rate_count":"0","dataversion":"0","stdsid":"0"}