{"pid":"17979","title":"The Int class","time_limit":"1","memory_limit":"262144","description":"<p>Implement a class Int that behaves exactly like an int.<br \/>\r\nclass Int<br \/>\r\n{<br \/>\r\n&nbsp; int i;<br \/>\r\npublic:<br \/>\r\n&nbsp; int getI() { return i; }<br \/>\r\n&nbsp; \/\/add any member function needed here<br \/>\r\n};<br \/>\r\nFor example, the following code will has the same output when Int replace by int:<br \/>\r\nvoid f()<br \/>\r\n{<br \/>\r\n&nbsp; Int a=0;<br \/>\r\n&nbsp; Int b(1);<br \/>\r\n&nbsp; Int c(2.5);<br \/>\r\n&nbsp; Int d = 99.5;<br \/>\r\n<br \/>\r\n&nbsp; cout &lt;&lt;&nbsp; a &lt;&lt; endl;<br \/>\r\n&nbsp; cout &lt;&lt;&nbsp; b &lt;&lt; endl;<br \/>\r\n&nbsp; cout &lt;&lt;&nbsp; c &lt;&lt; endl;<br \/>\r\n&nbsp; cout &lt;&lt;&nbsp; d &lt;&lt; endl;<br \/>\r\n&nbsp; <br \/>\r\n&nbsp; d += 1;<br \/>\r\n&nbsp; d += 1.5;<br \/>\r\n&nbsp; cout &lt;&lt;&nbsp; c+d &lt;&lt; endl;<br \/>\r\n&nbsp; cout &lt;&lt;&nbsp; 1+c &lt;&lt; endl;<br \/>\r\n&nbsp; cout &lt;&lt;&nbsp; c+1 &lt;&lt; endl;<br \/>\r\n&nbsp; cout &lt;&lt;&nbsp; 1.5+c &lt;&lt; endl;<br \/>\r\n&nbsp; cout &lt;&lt;&nbsp; c+1.5 &lt;&lt; endl;<br \/>\r\n<br \/>\r\n&nbsp; cout &lt;&lt;&nbsp; a + b + c + d &lt;&lt; endl;<br \/>\r\n<br \/>\r\n&nbsp; d -= 1;<br \/>\r\n&nbsp; d -= 1.5;<br \/>\r\n&nbsp; cout &lt;&lt;&nbsp; c-d &lt;&lt; endl;<br \/>\r\n&nbsp; cout &lt;&lt;&nbsp; 1-c &lt;&lt; endl;<br \/>\r\n&nbsp; cout &lt;&lt;&nbsp; c-1 &lt;&lt; endl;<br \/>\r\n&nbsp; cout &lt;&lt;&nbsp; 1.5-c &lt;&lt; endl;<br \/>\r\n&nbsp; cout &lt;&lt;&nbsp; c-1.5 &lt;&lt; endl;<br \/>\r\n<br \/>\r\n&nbsp; d *= 1;<br \/>\r\n&nbsp; d *= 1.5;<br \/>\r\n&nbsp; cout &lt;&lt;&nbsp; c*d &lt;&lt; endl;<br \/>\r\n&nbsp; cout &lt;&lt;&nbsp; 9*c &lt;&lt; endl;<br \/>\r\n&nbsp; cout &lt;&lt;&nbsp; c*9 &lt;&lt; endl;<br \/>\r\n&nbsp; cout &lt;&lt;&nbsp; 19.4*c &lt;&lt; endl;<br \/>\r\n&nbsp; cout &lt;&lt;&nbsp; c*19.4 &lt;&lt; endl;<br \/>\r\n&nbsp; d \/= 2;<br \/>\r\n&nbsp; d \/= 2.5;<br \/>\r\n&nbsp; cout &lt;&lt;&nbsp; d\/c &lt;&lt; endl;<br \/>\r\n&nbsp; cout &lt;&lt;&nbsp; 2\/c &lt;&lt; endl;<br \/>\r\n&nbsp; cout &lt;&lt;&nbsp; c\/2 &lt;&lt; endl;<br \/>\r\n&nbsp; cout &lt;&lt;&nbsp; 2.5\/c &lt;&lt; endl;<br \/>\r\n&nbsp; cout &lt;&lt;&nbsp; c\/2.5 &lt;&lt; endl;<br \/>\r\n<br \/>\r\n&nbsp; cout &lt;&lt;&nbsp; b%c &lt;&lt; endl;<br \/>\r\n&nbsp; cout &lt;&lt;&nbsp; 5%c &lt;&lt; endl;<br \/>\r\n&nbsp; cout &lt;&lt;&nbsp; c%2 &lt;&lt; endl;<br \/>\r\n<br \/>\r\n&nbsp; cout &lt;&lt;&nbsp; c++ &lt;&lt; endl;<br \/>\r\n&nbsp; cout &lt;&lt;&nbsp; ++c &lt;&lt; endl;<br \/>\r\n&nbsp; cout &lt;&lt;&nbsp; c-- &lt;&lt; endl;<br \/>\r\n&nbsp; cout &lt;&lt;&nbsp; --c &lt;&lt; endl;&nbsp;&nbsp;&nbsp; <br \/>\r\n&nbsp; cout &lt;&lt;&nbsp; -c &lt;&lt; endl;<br \/>\r\n&nbsp; <br \/>\r\n&nbsp; int c1 = c;<br \/>\r\n&nbsp; cout &lt;&lt; c1 &lt;&lt; endl;<br \/>\r\n&nbsp; c1 = c;&nbsp; <br \/>\r\n&nbsp; cout &lt;&lt; c1 &lt;&lt; endl;&nbsp; <br \/>\r\n<br \/>\r\n&nbsp; cin &gt;&gt; d;<br \/>\r\n&nbsp; cout &lt;&lt;&nbsp; d &lt;&lt; endl;<br \/>\r\n}<\/p>","input":"","output":"","sample_input":"","sample_output":"","accepted":"52","submissions":"262","special_judge":"0","has_framework":"1","author":"","hint":"","avail":"1","cid":"2270","rate_tot":"0","rate_count":"0","dataversion":"0","stdsid":"0"}