{"pid":"18004","title":"The Complex class","time_limit":"1","memory_limit":"262144","description":"<p><span style=\"font-size: larger\">Implement the Complex class:<br \/>\r\nclass Complex<br \/>\r\n{<br \/>\r\n&nbsp; double re; \/\/real part of a complex number<br \/>\r\n&nbsp; double im; \/\/imaginary part of a complex number<br \/>\r\npublic:<br \/>\r\n&nbsp; double real() const { return re; }<br \/>\r\n&nbsp; double imag() const { return im; }<br \/>\r\n&nbsp; <br \/>\r\n&nbsp; \/\/ add any other function needed here<br \/>\r\n};<br \/>\r\nThe Complex class implemented may be used like this:<br \/>\r\nvoid f()<br \/>\r\n{<br \/>\r\n&nbsp; Complex a;&nbsp; <br \/>\r\n&nbsp; cout &lt;&lt; a &lt;&lt; endl; \/\/output (0,0) <br \/>\r\n&nbsp; <br \/>\r\n&nbsp; Complex b = Complex(1,2.5); <br \/>\r\n&nbsp; cout &lt;&lt; b &lt;&lt; endl; \/\/<span class=\"Apple-style-span\" style=\"line-height: 20px; border-collapse: collapse; font-family: Arial; color: rgb(51,51,51)\">output(1,2.5)<\/span><br \/>\r\n&nbsp; <br \/>\r\n&nbsp; Complex c(3.0); <br \/>\r\n&nbsp; cout &lt;&lt; c &lt;&lt; endl; \/\/output (3,0)<br \/>\r\n&nbsp; <br \/>\r\n&nbsp; c += a; <br \/>\r\n&nbsp; cout &lt;&lt; c &lt;&lt; endl; <br \/>\r\n&nbsp; <br \/>\r\n&nbsp; c = c + a; <br \/>\r\n&nbsp; cout &lt;&lt; c &lt;&lt; endl; <br \/>\r\n&nbsp; <br \/>\r\n&nbsp; c = c + 2.5; <br \/>\r\n&nbsp; cout &lt;&lt; c &lt;&lt; endl; <br \/>\r\n&nbsp; <br \/>\r\n&nbsp; c = 2.5 + c; <br \/>\r\n&nbsp; cout &lt;&lt; c &lt;&lt; endl; <br \/>\r\n<br \/>\r\n&nbsp; c -= a;<br \/>\r\n&nbsp; cout &lt;&lt; c &lt;&lt; endl; <br \/>\r\n&nbsp; <br \/>\r\n&nbsp; c = c - a;<br \/>\r\n&nbsp; cout &lt;&lt; c &lt;&lt; endl; <br \/>\r\n<br \/>\r\n&nbsp; c = c - 2.5;<br \/>\r\n&nbsp; cout &lt;&lt; c &lt;&lt; endl; <br \/>\r\n&nbsp; <br \/>\r\n&nbsp; c = 2.5 - c;<br \/>\r\n&nbsp; cout &lt;&lt; c &lt;&lt; endl; <br \/>\r\n&nbsp; <br \/>\r\n&nbsp; c *= b;<br \/>\r\n&nbsp; cout &lt;&lt; c &lt;&lt; endl; <br \/>\r\n&nbsp; <br \/>\r\n&nbsp; c = c * b;<br \/>\r\n&nbsp; cout &lt;&lt; c &lt;&lt; endl; <br \/>\r\n<br \/>\r\n&nbsp; c = c * 2.5;<br \/>\r\n&nbsp; cout &lt;&lt; c &lt;&lt; endl; <br \/>\r\n&nbsp; <br \/>\r\n&nbsp; c = 2.5 * c;<br \/>\r\n&nbsp; cout &lt;&lt; c &lt;&lt; endl; <br \/>\r\n&nbsp; <br \/>\r\n&nbsp; c \/= b;<br \/>\r\n&nbsp; cout &lt;&lt; c &lt;&lt; endl; <br \/>\r\n&nbsp; <br \/>\r\n&nbsp; c = c \/ b;<br \/>\r\n&nbsp; cout &lt;&lt; c &lt;&lt; endl; <br \/>\r\n<br \/>\r\n&nbsp; c = c \/ 2.5;<br \/>\r\n&nbsp; cout &lt;&lt; c &lt;&lt; endl; <br \/>\r\n&nbsp; <br \/>\r\n&nbsp; c = 2.5 \/ c;<br \/>\r\n&nbsp; cout &lt;&lt; c &lt;&lt; endl; <br \/>\r\n&nbsp; <br \/>\r\n&nbsp; c = a+2.5+a + b*2.5*b;<br \/>\r\n&nbsp; cout &lt;&lt; c &lt;&lt; endl;<br \/>\r\n<br \/>\r\n&nbsp; c = -b;<br \/>\r\n&nbsp; cout &lt;&lt; c &lt;&lt; endl;<br \/>\r\n&nbsp;&nbsp; <br \/>\r\n&nbsp; cout &lt;&lt; (a==a) &lt;&lt; endl; \/\/output 1<br \/>\r\n&nbsp; cout &lt;&lt; (a==0.0) &lt;&lt; endl; \/\/output 1<br \/>\r\n&nbsp; cout &lt;&lt; (0.0==a) &lt;&lt; endl; \/\/output 1<br \/>\r\n&nbsp; cout &lt;&lt; (a!=a) &lt;&lt; endl; \/\/output 0 <br \/>\r\n&nbsp; cout &lt;&lt; (a!=0.0) &lt;&lt; endl; \/\/output 0<br \/>\r\n&nbsp; cout &lt;&lt; (0.0!=a) &lt;&lt; endl; \/\/output 0&nbsp; <br \/>\r\n<br \/>\r\n&nbsp; cin &gt;&gt; c; \/\/\u8f93\u5165\u683c\u5f0f(a,b)\u8868\u793a\u590d\u6570a + b i<br \/>\r\n&nbsp; cout &lt;&lt; c &lt;&lt; endl;<br \/>\r\n}<br \/>\r\n<\/span><\/p>","input":"","output":"","sample_input":"","sample_output":"","accepted":"83","submissions":"430","special_judge":"0","has_framework":"1","author":"","hint":"","avail":"1","cid":"2275","rate_tot":"0","rate_count":"0","dataversion":"0","stdsid":"0"}