{"pid":"18326","title":"MaxValue template function","time_limit":"1","memory_limit":"262144","description":"<p>Design a generic function that returns a maximum element from an array. You should test your function with the array of int, double, std::string&nbsp;and char.<br \/>\r\nUsing the following function header:<br \/>\r\ntemplate &lt; typename T &gt;<br \/>\r\nT maxValue (const T value1, const T value2)<br \/>\r\n\u5f53\u6bd4\u8f83\u4e24\u4e2achar\u5927\u5c0f\u65f6\uff0c\u5982\u679cchar\u662f\u5b57\u6bcd\uff0c\u5c06\u5176\u89c6\u4e3a\u5927\u5199\u5b57\u6bcd\u8fdb\u884c\u6bd4\u8f83\u3002<br \/>\r\n\u5f53\u4e24\u4e2achar\u5927\u5c0f\u76f8\u7b49\u65f6\uff0c\u8fd4\u56devalue1.<br \/>\r\n\u4f8b\u5982\uff0cmaxValue('B','a')\u8fd4\u56deB, maxValue('B','b')\u8fd4\u56deB, maxValue('B','c')\u8fd4\u56dec.<br \/>\r\n&nbsp;<\/p>","input":"","output":"","sample_input":"","sample_output":"","accepted":"6","submissions":"18","special_judge":"0","has_framework":"1","author":"","hint":"","avail":"1","cid":"2331","rate_tot":"0","rate_count":"0","dataversion":"0","stdsid":"0"}