{"pid":"18063","title":"The Rational class (version 1)","time_limit":"1","memory_limit":"262144","description":"<p>Implement the Rational class using the following interface:<br \/>\r\nclass Rational<br \/>\r\n{<br \/>\r\npublic:<br \/>\r\n&nbsp; Rational();<br \/>\r\n&nbsp; Rational(long numerator, long denominator);<br \/>\r\n&nbsp; long getNumerator();<br \/>\r\n&nbsp; long getDenominator();<br \/>\r\n&nbsp; Rational add(Rational &amp;secondRational);<br \/>\r\n&nbsp; Rational subtract(Rational &amp;secondRational);<br \/>\r\n&nbsp; Rational multiply(Rational &amp;secondRational);<br \/>\r\n&nbsp; Rational divide(Rational &amp;secondRational);<br \/>\r\n&nbsp; \/* Returns an int value -1, 0, or 1 to indicate whether this rational<br \/>\r\n&nbsp;&nbsp;&nbsp;&nbsp; number is less than, equal to, or greater than the specified number.<br \/>\r\n&nbsp; *\/<br \/>\r\n&nbsp; int compareTo(Rational &amp;secondRational);<br \/>\r\n&nbsp; bool equals(Rational &amp;secondRational);<br \/>\r\n&nbsp; int intValue(); \/\/Returns the numerator\/denominator<br \/>\r\n&nbsp; double doubleValue(); \/\/Returns 1.0*numberator\/denominator<br \/>\r\n&nbsp; string toString();<br \/>\r\n<br \/>\r\nprivate:<br \/>\r\n&nbsp; long numerator; \/\/\u5206\u5b50. <br \/>\r\n&nbsp; long denominator; \/\/\u5206\u6bcd\uff0c\u4e0d\u80fd\u4e3a0. <br \/>\r\n&nbsp; static long gcd(long n, long d);<br \/>\r\n};<br \/>\r\nRational::Rational()<br \/>\r\n{<br \/>\r\n&nbsp; numerator = 0;<br \/>\r\n&nbsp; denominator = 1;<br \/>\r\n}<br \/>\r\nstring Rational::toString()<br \/>\r\n{<br \/>\r\n&nbsp; char s[50];<br \/>\r\n&nbsp; if ( denominator == 1) { &nbsp;<br \/>\r\n&nbsp;&nbsp;&nbsp; sprintf(s,&quot;%ld&quot;,numerator);<br \/>\r\n&nbsp; } else {<br \/>\r\n&nbsp;&nbsp;&nbsp; sprintf(s,&quot;%ld\/%ld&quot;,numerator,denominator);<br \/>\r\n&nbsp; }<br \/>\r\n&nbsp; return string(s);<br \/>\r\n}<\/p>","input":"","output":"","sample_input":"","sample_output":"","accepted":"105","submissions":"808","special_judge":"0","has_framework":"1","author":"","hint":"","avail":"1","cid":"2275","rate_tot":"0","rate_count":"0","dataversion":"0","stdsid":"0"}