{"pid":"18330","title":"Swap Values","time_limit":"1","memory_limit":"262144","description":"<p>Write a generic function that swap values in two variables. You should test the function with int, double and string.<br \/>\r\nUsing the following function header:<br \/>\r\n<br \/>\r\ntemplate&lt;typename T&gt;<br \/>\r\nvoid swapVar(T &amp;var1, T &amp;var2)<br \/>\r\n&nbsp;<\/p>","input":"","output":"","sample_input":"","sample_output":"","accepted":"10","submissions":"10","special_judge":"0","has_framework":"1","author":"","hint":"","avail":"1","cid":"2331","rate_tot":"0","rate_count":"0","dataversion":"0","stdsid":"0"}