{"pid":"18420","title":"Class  Set","time_limit":"1","memory_limit":"262144","description":"<p>\u8bbe\u8ba1\u4e00\u4e2a\u96c6\u5408(Set)\u7c7b\u6a21\u677f\uff0cSet\u53ef\u4ee5\u5305\u542b<strong>\u96f6\u4e2a<\/strong>\u6216<strong>\u591a\u4e2a\u65e0\u5e8f\u7684\u975e\u91cd\u590d<\/strong>\u5143\u7d20\u3002<\/p>\r\n<p>\u516c\u5171\u63a5\u53e3\u5305\u542b\u4ee5\u4e0b\u6210\u5458\u51fd\u6570\uff1a<\/p>\r\n<p>1. \u521b\u5efa\u4e00\u4e2aSet\uff1b<\/p>\r\n<p>2. \u589e\u52a0\u4e00\u4e2a\u65b0\u5143\u7d20\u5230Set\uff1b<\/p>\r\n<p>3.\u4eceSet\u4e2d\u5220\u9664\u4e00\u4e2a\u5143\u7d20<\/p>\r\n<p>4.\u5217\u4e3eSet\u4e2d\u7684\u6240\u6709\u5143\u7d20<\/p>\r\n<p>5. s1\u548cs2\u90fd\u662fSet\u7684\u5bf9\u8c61\uff0c\u8ba1\u7b97\u5b83\u4eec\u7684\u5e76\u96c6\uff08s1 + s2\uff09= { x | x \u5c5e\u4e8e s1 \u6216 x \u5c5e\u4e8e s2 }<\/p>\r\n<p>6. s1\u548cs2\u90fd\u662fSet\u7684\u5bf9\u8c61\uff0c\u8ba1\u7b97\u5b83\u4eec\u7684\u5dee\u96c6\uff08s1 - s2 ) = { x | x \u5c5e\u4e8e&nbsp;s1 \u4e14 x \u4e0d\u5c5e\u4e8e s2 }<\/p>\r\n<p>&nbsp;<\/p>\r\n<p>\u8be5\u7c7b\u6a21\u677f\u7684\u58f0\u660e\u5982\u4e0b\uff1a<\/p>\r\n<p><strong>template<\/strong>&lt; <strong>typename <\/strong>T &gt;<br \/>\r\n<strong>class <\/strong>Set<br \/>\r\n{<br \/>\r\n<strong>public<\/strong>:<br \/>\r\n&nbsp;Set() ;<br \/>\r\n&nbsp;Set( <strong>int <\/strong>maxSize ) ;<br \/>\r\n&nbsp;~Set() ;<br \/>\r\n&nbsp;Set( <strong>const <\/strong>Set&amp; ) ;<br \/>\r\n&nbsp;Set <strong>operator<\/strong>+( <strong>const <\/strong>Set&amp; s ) ;<br \/>\r\n&nbsp;Set <strong>operator<\/strong>-( <strong>const <\/strong>Set&amp; s ) ;<br \/>\r\n&nbsp;<strong>void operator<\/strong>=( <strong>const <\/strong>Set&amp; s ) ;<br \/>\r\n&nbsp;<strong>bool <\/strong>insert( T newItem ) ;<br \/>\r\n&nbsp;<strong>bool <\/strong>erase( T targetItem ) ;<br \/>\r\n&nbsp;<strong>void <\/strong>print() <strong>const <\/strong>;<br \/>\r\n&nbsp;T* getData() <strong>const <\/strong>;<br \/>\r\n&nbsp;<strong>int <\/strong>getCount() <strong>const <\/strong>;<br \/>\r\n&nbsp;<strong>int <\/strong>getMaxSize() <strong>const <\/strong>;<br \/>\r\n<strong>private<\/strong>:<br \/>\r\n&nbsp;<strong>int <\/strong>count ;<br \/>\r\n&nbsp;<strong>int <\/strong>maxSize ;<br \/>\r\n&nbsp;T* data ;<br \/>\r\n} ;<\/p>","input":"<p>&nbsp;Set&lt;<strong>int<\/strong>&gt; s1( 10 ), s2( 10 ), s_plus, s_minus ;<br \/>\r\n&nbsp;<br \/>\r\n&nbsp;s1.insert( 1 ) ;<br \/>\r\n&nbsp;s1.insert( 2 ) ;<br \/>\r\n&nbsp;s1.insert( 2 ) ;<br \/>\r\n&nbsp;s1.insert( 4 ) ;<br \/>\r\n&nbsp;cout &lt;&lt; &quot;Items in s1 are : &quot; ;<br \/>\r\n&nbsp;s1.print() ;<br \/>\r\n&nbsp;<br \/>\r\n&nbsp;s2.insert( 3 ) ;<br \/>\r\n&nbsp;s2.insert( 3 ) ;<br \/>\r\n&nbsp;s2.insert( 1 ) ;<br \/>\r\n&nbsp;s2.insert( 2 ) ;<br \/>\r\n&nbsp;cout &lt;&lt; &quot;Items in s2 are: &quot; ;<br \/>\r\n&nbsp;s2.print() ;<br \/>\r\n&nbsp;<br \/>\r\n&nbsp;s_plus = s1 + s2 ;<br \/>\r\n&nbsp;cout &lt;&lt; &quot;Items in s_plus are: &quot; ;<br \/>\r\n&nbsp;s_plus.print() ;<br \/>\r\n&nbsp;<br \/>\r\n&nbsp;s_minus = s1 - s2 ;<br \/>\r\n&nbsp;cout &lt;&lt; &quot;Items in s_minus are: &quot; ;<br \/>\r\n&nbsp;s_minus.print() ;<\/p>","output":"<p>Items in s1 are : 1 2 4 <br \/>\r\nItems in s2 are: 3 1 2 <br \/>\r\nItems in s_plus are: 1 2 4 3 <br \/>\r\nItems in s_minus are: 4<\/p>\r\n<p>&nbsp;<\/p>","sample_input":"","sample_output":"","accepted":"59","submissions":"261","special_judge":"0","has_framework":"1","author":"","hint":"<p>\u63d0\u4ea4\u7684\u4ee3\u7801\u4e2d\uff0c\u8bf7\u4e0d\u8981\u5305\u542bmain()\u51fd\u6570<\/p>","avail":"1","cid":"2348","rate_tot":"0","rate_count":"0","dataversion":"0","stdsid":"0"}