{"pid":"17975","title":"Calculate the Sum","time_limit":"1","memory_limit":"262144","description":"<p>\u5b8c\u6210\u7c7bMyClass\u7684\u5b9a\u4e49\uff0c<br \/>\r\nclass MyClass<br \/>\r\n{<br \/>\r\n&nbsp;&nbsp;&nbsp; int data;<br \/>\r\npublic:<br \/>\r\n&nbsp;&nbsp;&nbsp; MyClass(int d); \/\/\u5c06d\u7684\u503c\u8d4b\u7ed9data, d\u503c\u5927\u4e8e0<br \/>\r\n&nbsp;&nbsp;&nbsp; void printData();<br \/>\r\n&nbsp;&nbsp;&nbsp; <br \/>\r\n&nbsp;&nbsp;&nbsp; \/\/\u6c42\u548c1+2+3+...+data\uff0c\u51fd\u6570\u8fd4\u56de\u8be5\u548c\u503c<br \/>\r\n&nbsp;&nbsp;&nbsp; int sumIt(); <br \/>\r\n};<br \/>\r\n<br \/>\r\n\u4f7f\u5f97\u51fd\u6570f()\u8f93\u51fa\u4e3a<br \/>\r\n10<br \/>\r\n55<br \/>\r\n100<br \/>\r\n5050<br \/>\r\n<br \/>\r\nvoid f()<br \/>\r\n{<br \/>\r\n&nbsp;&nbsp;&nbsp; MyClass mc(10);<br \/>\r\n&nbsp;&nbsp;&nbsp; mc.printData();&nbsp;&nbsp;&nbsp; <br \/>\r\n&nbsp;&nbsp;&nbsp; cout &lt;&lt; mc.sumIt() &lt;&lt; endl;<br \/>\r\n<br \/>\r\n&nbsp;&nbsp;&nbsp; MyClass mc1(100);<br \/>\r\n&nbsp;&nbsp;&nbsp; mc1.printData();<br \/>\r\n&nbsp;&nbsp;&nbsp; cout &lt;&lt; mc1.sumIt() &lt;&lt; endl;<br \/>\r\n&nbsp;&nbsp;&nbsp; return 0;<br \/>\r\n}<br \/>\r\n<br \/>\r\n\u6ce8\u610f\uff1a\u4f60\u53ea\u9700\u8981\u63d0\u4ea4\u7c7bMyClass\u7684\u5b9a\u4e49\u3002<\/p>","input":"","output":"","sample_input":"","sample_output":"","accepted":"73","submissions":"132","special_judge":"0","has_framework":"1","author":"","hint":"","avail":"1","cid":"2270","rate_tot":"0","rate_count":"0","dataversion":"0","stdsid":"0"}